Country Code,Country,Sitename,Location,Status,Gross (MWe),Capacity (MWt),Mean LF (%),2013 LF (%),lat (-90 to 90),lng (-180 to 180),alt (m),,
AM,ARMENIA,ARMENIAN-1,METSAMOR,Permanent Shutdown,408,1375,0,0,40.1808444,44.1489083,952.5,PRIS,Map
AM,ARMENIA,ARMENIAN-2,METSAMOR,Operational,408,1375,64.3,66,40.1808444,44.1489083,952.5,PRIS,Map
AR,ARGENTINA,ATUCHA-1,LIMA,Operational,357,1179,71.1,83.5,-33.96333,-59.18639,22.1,PRIS,Map
AR,ARGENTINA,EMBALSE,EMBALSE,Operational,648,2015,82.6,62.5,-32.232,-64.443,596.1,PRIS,Map
AR,ARGENTINA,ATUCHA-2,LIMA,Operational,745,2160,0,0,-33.9675194,-59.2051194,23.3,PRIS,Map
BE,BELGIUM,BR-3,MOL,Permanent Shutdown,12,41,40.2,0,0,0,-4924.6,PRIS,Map
BE,BELGIUM,DOEL-1,DOEL-BEVEREN,Operational,454,1311,86.1,97.8,51.32472,4.25861,46.8,PRIS,Map
BE,BELGIUM,TIHANGE-1,TIHANGE,Operational,1009,2873,83.5,81.6,50.5346278,5.2725333,126.2,PRIS,Map
BE,BELGIUM,DOEL-2,DOEL-BEVEREN,Operational,454,1311,83.1,94,51.32472,4.25861,46.8,PRIS,Map
BE,BELGIUM,DOEL-3,DOEL-BEVEREN,Operational,1056,3054,83.7,56.7,51.32472,4.25861,46.8,PRIS,Map
BE,BELGIUM,TIHANGE-2,TIHANGE,Operational,1055,3064,85.6,55.9,50.5346278,5.2725333,126.2,PRIS,Map
BE,BELGIUM,DOEL-4,DOEL-BEVEREN,Operational,1090,2988,84,92.8,51.32472,4.25861,46.8,PRIS,Map
BE,BELGIUM,TIHANGE-3,TIHANGE,Operational,1094,3000,87.6,88.3,50.5346278,5.2725333,126.2,PRIS,Map
BG,BULGARIA,KOZLODUY-1,VRATZA,Permanent Shutdown,440,1375,60.1,0,43.74611,23.77056,102.7,PRIS,Map
BG,BULGARIA,KOZLODUY-2,VRATZA,Permanent Shutdown,440,1375,64.4,0,43.74611,23.77056,102.7,PRIS,Map
BG,BULGARIA,KOZLODUY-3,VRATZA,Permanent Shutdown,440,1375,67.4,0,43.74611,23.77056,102.7,PRIS,Map
BG,BULGARIA,KOZLODUY-4,VRATZA,Permanent Shutdown,440,1375,69.2,0,43.74611,23.77056,102.7,PRIS,Map
BG,BULGARIA,KOZLODUY-5,VRATZA,Operational,1000,3000,60.3,78.7,43.74611,23.77056,102.7,PRIS,Map
BG,BULGARIA,KOZLODUY-6,VRATZA,Operational,1000,3000,68,80.8,43.74611,23.77056,102.7,PRIS,Map
BR,BRAZIL,ANGRA-1,ANGRA DOS-REIS,Operational,640,1882,48.9,70,-23.00833,-44.45722,98.0,PRIS,Map
BR,BRAZIL,ANGRA-2,ANGRA DOS-REIS,Operational,1350,3764,82.1,89.9,-23.00833,-44.45722,98.0,PRIS,Map
BR,BRAZIL,ANGRA-3,ANGRA DOS-REIS,Under Construction,1350,3765,0,0,-23.00833,-44.45722,98.0,PRIS,Map
CA,CANADA,ROLPHTON NPD,ROLPHTON,Permanent Shutdown,25,92,67.1,0,46.18111,-77.69583,113.5,PRIS,Map
CA,CANADA,BRUCE-3,TIVERTON,Operational,805,2832,72.9,86.3,44.32528,-81.59944,130.2,PRIS,Map
CA,CANADA,BRUCE-4,TIVERTON,Operational,805,2832,71.7,64.6,44.32528,-81.59944,130.2,PRIS,Map
CA,CANADA,GENTILLY-2,BECANCOUR,Permanent Shutdown,675,2156,76.2,70.7,46.39583,-72.35694,-21.1,PRIS,Map
CA,CANADA,PICKERING-5,PICKERING,Operational,540,1744,72.8,57.6,43.81167,-79.06583,46.6,PRIS,Map
CA,CANADA,PICKERING-6,PICKERING,Operational,540,1744,77.5,67,43.81167,-79.06583,46.6,PRIS,Map
CA,CANADA,PICKERING-7,PICKERING,Operational,540,1744,77.7,94.4,43.81167,-79.06583,46.6,PRIS,Map
CA,CANADA,PICKERING-8,PICKERING,Operational,540,1744,76.2,85.8,43.81167,-79.06583,46.6,PRIS,Map
CA,CANADA,POINT LEPREAU,SAINT JOHN,Operational,705,2180,69.1,71.1,45.06889,-66.45472,-18.2,PRIS,Map
CA,CANADA,BRUCE-5,TIVERTON,Operational,872,2832,84.8,89.7,44.32528,-81.59944,130.2,PRIS,Map
CA,CANADA,BRUCE-6,TIVERTON,Operational,891,2690,81.3,79.4,44.32528,-81.59944,130.2,PRIS,Map
CA,CANADA,DOUGLAS POINT,TIVERTON,Permanent Shutdown,218,704,55.6,0,44.32667,-81.6,129.0,PRIS,Map
CA,CANADA,BRUCE-7,TIVERTON,Operational,872,2832,84.9,97.9,44.32528,-81.59944,130.2,PRIS,Map
CA,CANADA,BRUCE-8,TIVERTON,Operational,845,2690,82.5,79,44.32528,-81.59944,130.2,PRIS,Map
CA,CANADA,DARLINGTON-1,TOWN OF NEWCASTLE,Operational,934,2776,84.9,96.9,43.87278,-78.71972,57.5,PRIS,Map
CA,CANADA,DARLINGTON-2,TOWN OF NEWCASTLE,Operational,934,2776,78.2,66.8,43.87278,-78.71972,57.5,PRIS,Map
CA,CANADA,DARLINGTON-3,TOWN OF NEWCASTLE,Operational,934,2776,86.3,95.4,43.87278,-78.71972,57.5,PRIS,Map
CA,CANADA,DARLINGTON-4,TOWN OF NEWCASTLE,Operational,934,2776,85.3,68.1,43.87278,-78.71972,57.5,PRIS,Map
CA,CANADA,GENTILLY-1,BECANCOUR,Permanent Shutdown,266,792,5.7,0,46.39583,-72.35694,-21.1,PRIS,Map
CA,CANADA,PICKERING-1,PICKERING,Operational,542,1744,63.2,46,43.81167,-79.06583,46.6,PRIS,Map
CA,CANADA,PICKERING-2,PICKERING,Permanent Shutdown,542,1744,60.3,0,43.81167,-79.06583,46.6,PRIS,Map
CA,CANADA,PICKERING-3,PICKERING,Permanent Shutdown,542,1744,69,0,43.81167,-79.06583,46.6,PRIS,Map
CA,CANADA,PICKERING-4,PICKERING,Operational,542,1744,66,86.1,43.81167,-79.06583,46.6,PRIS,Map
CA,CANADA,BRUCE-1,TIVERTON,Operational,824,2575,65.1,77.7,44.32528,-81.59944,130.2,PRIS,Map
CA,CANADA,BRUCE-2,TIVERTON,Operational,786,2456,61.2,87.2,44.32528,-81.59944,130.2,PRIS,Map
CH,SWITZERLAND,BEZNAU-1,BEZNAU,Operational,380,1130,84.4,96.3,47.552107,8.228492,486.5,PRIS,Map
CH,SWITZERLAND,MUEHLEBERG,MUEHLEBERG,Operational,390,1097,87.1,89.4,47.47034,8.31098,503.3,PRIS,Map
CH,SWITZERLAND,BEZNAU-2,BEZNAU,Operational,380,1130,87.6,90.4,47.552107,8.228492,486.5,PRIS,Map
CH,SWITZERLAND,GOESGEN,DAENIKEN,Operational,1035,3002,88.9,74.3,47.36611,7.96667,470.2,PRIS,Map
CH,SWITZERLAND,LEIBSTADT,LEIBSTADT,Operational,1275,3600,85.7,90.7,47.60306,8.18472,430.0,PRIS,Map
CN,CHINA,QINSHAN-1,Jiaxing,Operational,310,966,81.1,82.7,30.43306,120.95,13.1,PRIS,Map
CN,CHINA,DAYA BAY-1,SHENZHEN CITY,Operational,984,2905,84.4,86.5,22.59722,114.54444,81.7,PRIS,Map
CN,CHINA,DAYA BAY-2,SHENZHEN CITY,Operational,984,2905,84.6,85.8,22.59722,114.54444,81.7,PRIS,Map
CN,CHINA,QINSHAN 2-1,Jiaxing,Operational,650,1930,80.3,87.6,30.43306,120.95,13.1,PRIS,Map
CN,CHINA,QINSHAN 2-2,Jiaxing,Operational,650,1930,88.8,90.2,30.43306,120.95,13.1,PRIS,Map
CN,CHINA,LING AO-1,SHENZEN,Operational,990,2905,87.8,82.3,22.6047889,114.5514889,98.2,PRIS,Map
CN,CHINA,LING AO-2,SHENZEN,Operational,990,2905,88.9,87.2,22.6047889,114.5514889,98.2,PRIS,Map
CN,CHINA,QINSHAN 3-1,Jiaxing,Operational,728,2064,90.9,92,30.43306,120.95,13.1,PRIS,Map
CZ,CZECH REPUBLIC,TEMELIN-1,TEMELIN,Operational,1056,3120,72,82.1,49.18,14.37611,528.8,PRIS,Map
CZ,CZECH REPUBLIC,TEMELIN-2,TEMELIN,Operational,1056,3120,78,84.4,49.18,14.37611,528.8,PRIS,Map
CZ,CZECH REPUBLIC,DUKOVANY-1,DUKOVANY,Operational,500,1444,84.9,92.2,49.085,16.14889,419.7,PRIS,Map
CZ,CZECH REPUBLIC,DUKOVANY-2,DUKOVANY,Operational,500,1444,85.1,89.4,49.085,16.14889,419.7,PRIS,Map
CZ,CZECH REPUBLIC,DUKOVANY-3,DUKOVANY,Operational,500,1444,84.3,86.4,49.085,16.14889,419.7,PRIS,Map
CZ,CZECH REPUBLIC,DUKOVANY-4,DUKOVANY,Operational,500,1444,85.5,90.4,49.085,16.14889,419.7,PRIS,Map
DE,GERMANY,VAK KAHL,KAHL,Permanent Shutdown,16,60,58.3,0,50.0591194,8.987278,164.3,PRIS,Map
DE,GERMANY,STADE,STADE,Permanent Shutdown,672,1900,82.7,0,53.62,9.53083,39.6,PRIS,Map
DE,GERMANY,NIEDERAICHBACH,NIEDERAICHBACH,Permanent Shutdown,106,321,1.1,0,48.605802,12.300085,425.7,PRIS,Map
DE,GERMANY,BIBLIS-A,BIBLIS,Permanent Shutdown,1225,3517,63.1,0,49.71,8.41528,141.5,PRIS,Map
DE,GERMANY,BRUNSBUETTEL,BRUNSBUETTEL,Permanent Shutdown,806,2292,51.1,0,53.89167,9.20167,39.5,PRIS,Map
DE,GERMANY,PHILIPPSBURG-1,PHILIPPSBURG,Permanent Shutdown,926,2575,76.8,0,49.2525,8.43639,142.1,PRIS,Map
DE,GERMANY,NECKARWESTHEIM-1,NECKARWESTHEIM,Permanent Shutdown,840,2497,76.8,0,49.04167,9.175,253.7,PRIS,Map
DE,GERMANY,ISAR-1,ESSENBACH,Permanent Shutdown,912,2575,78.7,0,48.6056056,12.29315,424.9,PRIS,Map
DE,GERMANY,UNTERWESER,STADLAND,Permanent Shutdown,1410,3900,79.4,0,53.4277,8.4801972,39.9,PRIS,Map
DE,GERMANY,BIBLIS-B,BIBLIS,Permanent Shutdown,1300,3733,66,0,49.71,8.41528,141.5,PRIS,Map
DE,GERMANY,THTR-300,HAMM-UENTROP,Permanent Shutdown,308,760,41.3,0,51.67917,7.97167,120.4,PRIS,Map
DE,GERMANY,MZFR,KARLSRUHE,Permanent Shutdown,57,200,70.6,0,49.10431,8.432586,167.5,PRIS,Map
DE,GERMANY,KRUEMMEL,GEESTHACHT,Permanent Shutdown,1402,3690,65.2,0,53.41,10.40889,70.1,PRIS,Map
DE,GERMANY,MUELHEIM-KAERLICH,MULHEIM-KAERLICH,Permanent Shutdown,1302,3760,76.4,0,50.40806,7.49,116.9,PRIS,Map
DE,GERMANY,GRAFENRHEINFELD,SCHWEINFURT,Operational,1345,3765,85.8,86.5,49.9840861,10.1846694,259.1,PRIS,Map
DE,GERMANY,PHILIPPSBURG-2,PHILIPPSBURG,Operational,1468,3950,87.7,71,49.2525,8.43639,142.1,PRIS,Map
DE,GERMANY,GUNDREMMINGEN-B,GUNDREMMINGEN,Operational,1344,3840,83.7,85.8,48.51472,10.40222,478.5,PRIS,Map
DE,GERMANY,GROHNDE,GROHNDE,Operational,1430,3900,90.4,87.5,52.03528,9.41333,121.6,PRIS,Map
DE,GERMANY,GUNDREMMINGEN-C,GUNDREMMINGEN,Operational,1344,3840,82,88.8,48.51472,10.40222,478.5,PRIS,Map
DE,GERMANY,GUNDREMMINGEN-A,GUNDREMMINGEN,Permanent Shutdown,250,801,80.6,0,48.51472,10.40222,478.5,PRIS,Map
DE,GERMANY,ISAR-2,ESSENBACH,Operational,1485,3950,89.6,92.3,48.6056056,12.29315,424.9,PRIS,Map
DE,GERMANY,BROKDORF,OSTERENDE,Operational,1480,3900,88.2,90.2,53.85083,9.34472,37.6,PRIS,Map
DE,GERMANY,EMSLAND,LINGEN (EMS),Operational,1400,3850,93.5,93.7,52.4742306,7.3178583,78.0,PRIS,Map
DE,GERMANY,AVR JUELICH,JUELICH,Permanent Shutdown,15,46,62,0,50.90306,6.42111,146.5,PRIS,Map
DE,GERMANY,NECKARWESTHEIM-2,NECKARWESTHEIM,Operational,1400,3850,92.1,89,49.04167,9.175,253.7,PRIS,Map
DE,GERMANY,OBRIGHEIM,OBRIGHEIM,Permanent Shutdown,357,1050,81.3,0,49.36444,9.07639,274.9,PRIS,Map
DE,GERMANY,RHEINSBERG,GRANSEE,Permanent Shutdown,70,265,0,0,53.1469917,12.99015,122.3,PRIS,Map
DE,GERMANY,GREIFSWALD-1,GREIFSWALD,Permanent Shutdown,440,1375,0,0,54.1405861,13.6644222,49.2,PRIS,Map
DE,GERMANY,GREIFSWALD-2,GREIFSWALD,Permanent Shutdown,440,1375,0,0,54.1405861,13.6644222,49.2,PRIS,Map
DE,GERMANY,GREIFSWALD-3,GREIFSWALD,Permanent Shutdown,440,1375,0,0,54.1405861,13.6644222,49.2,PRIS,Map
DE,GERMANY,GREIFSWALD-4,GREIFSWALD,Permanent Shutdown,440,1375,0,0,54.1405861,13.6644222,50.2,PRIS,Map
DE,GERMANY,GREIFSWALD-5,GREIFSWALD,Permanent Shutdown,440,1375,0,0,54.1405861,13.6644222,50.2,PRIS,Map
DE,GERMANY,LINGEN,LINGEN,Permanent Shutdown,268,520,41.5,0,52.48278,7.30694,75.6,PRIS,Map
DE,GERMANY,HDR GROSSWELZHEIM,KARLSTEIN,Permanent Shutdown,27,100,0,0,50.055145,8.984869,158.0,PRIS,Map
DE,GERMANY,KNK II,EGGENSTEIN,Permanent Shutdown,21,58,17.1,0,0,0,-4924.6,PRIS,Map
DE,GERMANY,WUERGASSEN,WUERGASSEN,Permanent Shutdown,670,1912,62.2,0,53.41,10.40889,78.4,PRIS,Map
ES,SPAIN,JOSE CABRERA-1,ALMONACID DE ZORITA,Permanent Shutdown,150,510,69.6,0,40.34917,-2.88444,681.2,PRIS,Map
ES,SPAIN,COFRENTES,COFRENTES,Operational,1102,3237,86.7,86,39.21667,-1.05,435.6,PRIS,Map
ES,SPAIN,TRILLO-1,TRILLO,Operational,1066,3010,86.2,85.2,40.70111,-2.62194,876.5,PRIS,Map
ES,SPAIN,VANDELLOS-2,VANDELLOS,Operational,1087,2941,81.6,84.6,40.95139,0.86667,90.5,PRIS,Map
ES,SPAIN,SANTA MARIA DE GARONA,SANTA MARIA DE GARONA,Long-term Shutdown,466,1381,77.5,0,42.7753,-3.2072917,571.8,PRIS,Map
ES,SPAIN,VANDELLOS-1,VANDELLOS,Permanent Shutdown,500,1670,70.4,0,40.95139,0.86667,90.5,PRIS,Map
ES,SPAIN,ALMARAZ-1,ALMARAZ,Operational,1049,2947,85.6,86.9,39.80806,-5.69694,315.4,PRIS,Map
ES,SPAIN,ALMARAZ-2,ALMARAZ,Operational,1044,2947,87.1,84.1,39.80806,-5.69694,315.4,PRIS,Map
ES,SPAIN,ASCO-1,ASCO,Operational,1033,2954,84,99.7,41.2,0.56944,96.5,PRIS,Map
ES,SPAIN,ASCO-2,ASCO,Operational,1035,2941,86,83.3,41.2,0.56944,96.5,PRIS,Map
FI,FINLAND,LOVIISA-1,LOVIISA,Operational,520,1500,87.1,92.1,60.37222,26.34722,15.7,PRIS,Map
FI,FINLAND,LOVIISA-2,LOVIISA,Operational,520,1500,89,93,60.37222,26.34722,15.7,PRIS,Map
FI,FINLAND,OLKILUOTO-1,OLKILUOTO,Operational,910,2500,92.4,96.9,61.23694,21.44083,21.2,PRIS,Map
FI,FINLAND,OLKILUOTO-2,OLKILUOTO,Operational,910,2500,93.3,92.9,61.23694,21.44083,21.2,PRIS,Map
FR,FRANCE,G-3 (MARCOULE),MARCOULE,Permanent Shutdown,43,260,75.1,0,44.14333,4.70944,99.5,PRIS,Map
FR,FRANCE,PHENIX,MARCOULE,Permanent Shutdown,142,345,40.5,0,0,0,-4924.6,PRIS,Map
FR,FRANCE,FESSENHEIM-1,FESSENHEIM,Operational,920,2785,67.8,57.8,47.9031083,7.5630444,252.1,PRIS,Map
FR,FRANCE,FESSENHEIM-2,FESSENHEIM,Operational,920,2785,68.4,62.5,47.9031083,7.5630444,252.1,PRIS,Map
FR,FRANCE,BUGEY-2,ST.VULBAS,Operational,945,2785,67.8,58.7,45.79833,5.27083,249.7,PRIS,Map
FR,FRANCE,BUGEY-3,ST.VULBAS,Operational,945,2785,64.8,54.2,45.79833,5.27083,249.7,PRIS,Map
FR,FRANCE,BUGEY-4,ST.VULBAS,Operational,917,2785,69.1,92.4,45.79833,5.27083,249.7,PRIS,Map
FR,FRANCE,BUGEY-5,ST.VULBAS,Operational,917,2785,70.2,65.9,45.79833,5.27083,249.7,PRIS,Map
FR,FRANCE,ST. LAURENT B-1,ST. LAURENT DES EAUX,Operational,956,2785,73,60.2,47.72,1.5775,130.4,PRIS,Map
FR,FRANCE,TRICASTIN-1,PIERRELATTE,Operational,955,2785,72.9,73.2,44.32972,4.73222,105.1,PRIS,Map
FR,FRANCE,TRICASTIN-2,PIERRELATTE,Operational,955,2785,72.3,70.7,44.32972,4.73222,105.1,PRIS,Map
FR,FRANCE,G-2 (MARCOULE),MARCOULE,Permanent Shutdown,43,260,0,0,44.14333,4.70944,99.5,PRIS,Map
FR,FRANCE,CHINON A-1,AVOINE,Permanent Shutdown,80,300,0,0,47.2325,0.1703,80.4,PRIS,Map
FR,FRANCE,GRAVELINES-1,GRAVELINES,Operational,951,2785,69.9,68.5,51.01528,2.13611,45.0,PRIS,Map
FR,FRANCE,GRAVELINES-2,GRAVELINES,Operational,951,2785,73.2,48.9,51.01528,2.13611,45.0,PRIS,Map
FR,FRANCE,DAMPIERRE-1,DAMPIERRE-EN-BURLY,Operational,937,2785,71.6,65.1,47.73306,2.51667,177.6,PRIS,Map
FR,FRANCE,ST. LAURENT B-2,ST. LAURENT DES EAUX,Operational,956,2785,70.6,42.2,47.72,1.5775,130.4,PRIS,Map
FR,FRANCE,SUPER-PHENIX,CREYS-MALVILLE,Permanent Shutdown,1242,3000,7.9,0,45.75833,5.47222,270.8,PRIS,Map
FR,FRANCE,TRICASTIN-3,PIERRELATTE,Operational,955,2785,75.3,86.2,44.32972,4.73222,105.1,PRIS,Map
FR,FRANCE,TRICASTIN-4,PIERRELATTE,Operational,955,2785,74.6,81.8,44.32972,4.73222,105.1,PRIS,Map
FR,FRANCE,GRAVELINES-3,GRAVELINES,Operational,951,2785,73.4,80.4,51.01528,2.13611,45.0,PRIS,Map
FR,FRANCE,GRAVELINES-4,GRAVELINES,Operational,951,2785,75.6,76.8,51.01528,2.13611,45.0,PRIS,Map
FR,FRANCE,DAMPIERRE-2,DAMPIERRE-EN-BURLY,Operational,937,2785,70.4,83.5,47.73306,2.51667,177.6,PRIS,Map
FR,FRANCE,CHINON A-2,AVOINE,Permanent Shutdown,230,800,71.1,0,47.2325,0.1703,80.4,PRIS,Map
FR,FRANCE,DAMPIERRE-3,DAMPIERRE-EN-BURLY,Operational,937,2785,73.2,60.9,47.73306,2.51667,177.6,PRIS,Map
FR,FRANCE,DAMPIERRE-4,DAMPIERRE-EN-BURLY,Operational,937,2785,72.1,90.8,47.73306,2.51667,177.6,PRIS,Map
FR,FRANCE,BLAYAIS-1,BRAUD ST.LOUIS,Operational,951,2785,72.1,85.4,45.25583,-0.69306,47.2,PRIS,Map
FR,FRANCE,BLAYAIS-2,BRAUD ST.LOUIS,Operational,951,2785,76.3,61.4,45.25583,-0.69306,47.2,PRIS,Map
FR,FRANCE,BLAYAIS-3,BRAUD ST.LOUIS,Operational,951,2785,78,87.1,45.25583,-0.69306,47.2,PRIS,Map
FR,FRANCE,BLAYAIS-4,BRAUD ST.LOUIS,Operational,951,2785,75.1,64.6,45.25583,-0.69306,47.2,PRIS,Map
FR,FRANCE,PALUEL-1,PALUEL,Operational,1382,3817,71.1,67.7,49.85806,0.63556,87.2,PRIS,Map
FR,FRANCE,PALUEL-2,PALUEL,Operational,1382,3817,70.1,92.5,49.85806,0.63556,87.2,PRIS,Map
FR,FRANCE,PALUEL-3,PALUEL,Operational,1382,3817,67.9,78.6,49.85806,0.63556,87.2,PRIS,Map
FR,FRANCE,PALUEL-4,PALUEL,Operational,1382,3817,71.1,60.4,49.85806,0.63556,87.2,PRIS,Map
FR,FRANCE,CHINON A-3,AVOINE,Permanent Shutdown,480,1170,40.5,0,47.2325,0.1703,80.4,PRIS,Map
FR,FRANCE,CHINON B-1,AVOINE,Operational,954,2785,72.4,51.4,47.2325,0.1703,80.4,PRIS,Map
FR,FRANCE,CHINON B-2,AVOINE,Operational,954,2785,73.6,57.2,47.2325,0.1703,80.4,PRIS,Map
FR,FRANCE,CRUAS-1,CRUAS,Operational,956,2785,71.9,78.9,44.63306,4.75667,176.9,PRIS,Map
FR,FRANCE,CRUAS-2,CRUAS,Operational,956,2785,73,71.5,44.63306,4.75667,176.9,PRIS,Map
FR,FRANCE,CRUAS-3,CRUAS,Operational,956,2785,72.7,85.7,44.63306,4.75667,176.9,PRIS,Map
FR,FRANCE,CRUAS-4,CRUAS,Operational,956,2785,72.1,86.3,44.63306,4.75667,176.9,PRIS,Map
FR,FRANCE,FLAMANVILLE-1,FLAMANVILLE,Operational,1382,3817,69.3,89.5,49.53639,-1.88167,64.4,PRIS,Map
FR,FRANCE,FLAMANVILLE-2,FLAMANVILLE,Operational,1382,3817,70.8,65.5,49.53639,-1.88167,64.4,PRIS,Map
FR,FRANCE,ST. ALBAN-1,SAINT-MAURICE-LEXIL,Operational,1381,3817,67.5,86.1,45.40444,4.75528,193.0,PRIS,Map
FR,FRANCE,ST. ALBAN-2,SAINT-MAURICE-LEXIL,Operational,1381,3817,67.2,62.3,45.40444,4.75528,193.0,PRIS,Map
FR,FRANCE,CHOOZ-A (ARDENNES),CHARLEVILLE,Permanent Shutdown,320,1040,66.2,0,50.09,4.78944,262.6,PRIS,Map
FR,FRANCE,CATTENOM-1,CATTENOM,Operational,1362,3817,69.4,58.2,49.41583,6.21806,218.3,PRIS,Map
FR,FRANCE,GRAVELINES-5,GRAVELINES,Operational,951,2785,75.7,83.2,51.01528,2.13611,45.0,PRIS,Map
FR,FRANCE,GRAVELINES-6,GRAVELINES,Operational,951,2785,77.6,85,51.01528,2.13611,45.0,PRIS,Map
FR,FRANCE,CATTENOM-2,CATTENOM,Operational,1362,3817,72.9,85.8,49.41583,6.21806,218.3,PRIS,Map
FR,FRANCE,BELLEVILLE-1,LENE,Operational,1363,3817,70.6,75.4,47.50972,2.875,189.7,PRIS,Map
FR,FRANCE,BELLEVILLE-2,LENE,Operational,1363,3817,72,65.2,47.50972,2.875,189.7,PRIS,Map
FR,FRANCE,CHINON B-3,AVOINE,Operational,954,2785,73.4,74.8,47.2325,0.1703,80.4,PRIS,Map
FR,FRANCE,CHINON B-4,AVOINE,Operational,954,2785,74.5,84,47.2325,0.1703,80.4,PRIS,Map
FR,FRANCE,NOGENT-1,NOGENT-SUR-SEINE,Operational,1363,3817,71.7,82.7,48.51528,3.51778,114.9,PRIS,Map
FR,FRANCE,NOGENT-2,NOGENT-SUR-SEINE,Operational,1363,3817,74.7,79.8,48.51528,3.51778,114.9,PRIS,Map
FR,FRANCE,EL-4 (MONTS DARREE),BRENNILIS,Permanent Shutdown,75,250,68.7,0,48.3533,-3.8722028,285.8,PRIS,Map
FR,FRANCE,CATTENOM-3,CATTENOM,Operational,1362,3817,73.7,68.9,49.41583,6.21806,218.3,PRIS,Map
FR,FRANCE,GOLFECH-1,AGEN,Operational,1363,3817,76.2,84.5,44.10667,0.84528,104.7,PRIS,Map
FR,FRANCE,CHOOZ B-1,CHARLEVILLE,Operational,1560,4270,78.3,76.4,50.09,4.78944,262.6,PRIS,Map
FR,FRANCE,PENLY-1,PENLY,Operational,1382,3817,75.9,77.3,49.97667,1.21194,84.1,PRIS,Map
FR,FRANCE,PENLY-2,PENLY,Operational,1382,3817,77.2,88,49.97667,1.21194,84.1,PRIS,Map
FR,FRANCE,CATTENOM-4,CATTENOM,Operational,1362,3817,76.8,52.7,49.41583,6.21806,218.3,PRIS,Map
FR,FRANCE,GOLFECH-2,AGEN,Operational,1363,3817,76.5,82.8,44.10667,0.84528,104.7,PRIS,Map
FR,FRANCE,ST. LAURENT A-1,ST. LAURENT DES EAUX,Permanent Shutdown,500,1650,58.6,0,47.72,1.5775,130.4,PRIS,Map
FR,FRANCE,CHOOZ B-2,CHARLEVILLE,Operational,1560,4270,76,81.2,50.09,4.78944,262.6,PRIS,Map
FR,FRANCE,CIVAUX-1,CIVAUX,Operational,1561,4270,75.6,58.3,46.45667,0.65278,135.8,PRIS,Map
FR,FRANCE,CIVAUX-2,CIVAUX,Operational,1561,4270,76,80.8,46.45667,0.65278,135.8,PRIS,Map
FR,FRANCE,ST. LAURENT A-2,ST. LAURENT DES EAUX,Permanent Shutdown,530,1475,54.1,0,47.72,1.5775,130.4,PRIS,Map
FR,FRANCE,BUGEY-1,ST.VULBAS,Permanent Shutdown,555,1954,53.2,0,45.79833,5.27083,249.7,PRIS,Map
GB,UNITED KINGDOM,CALDER HALL-1,SEASCALE,Permanent Shutdown,60,268,76.9,0,54.4205,-3.4975,83.0,PRIS,Map
GB,UNITED KINGDOM,CALDER HALL-2,SEASCALE,Permanent Shutdown,60,268,76.9,0,54.4205,-3.4975,83.0,PRIS,Map
GB,UNITED KINGDOM,CALDER HALL-3,SEASCALE,Permanent Shutdown,60,268,76.9,0,54.4205,-3.4975,83.0,PRIS,Map
GB,UNITED KINGDOM,CALDER HALL-4,SEASCALE,Permanent Shutdown,60,268,76.9,0,54.4205,-3.4975,83.0,PRIS,Map
GB,UNITED KINGDOM,SIZEWELL A-1,SIZEWELL,Permanent Shutdown,245,1010,74.7,0,52.215,1.61972,48.4,PRIS,Map
GB,UNITED KINGDOM,SIZEWELL A-2,SIZEWELL,Permanent Shutdown,245,1010,71.3,0,52.215,1.61972,48.4,PRIS,Map
GB,UNITED KINGDOM,OLDBURY A-1,OLDBURY ON SEVERN,Permanent Shutdown,230,730,76.2,71.8,51.648889,-2.570833,52.5,PRIS,Map
GB,UNITED KINGDOM,OLDBURY A-2,OLDBURY ON SEVERN,Permanent Shutdown,230,660,81.3,0,51.648889,-2.570833,52.5,PRIS,Map
GB,UNITED KINGDOM,WINFRITH SGHWR,DORCHESTER,Permanent Shutdown,100,318,60.7,0,50.682,-2.261,73.7,PRIS,Map
GB,UNITED KINGDOM,WYLFA-1,ANGLESEY,Operational,540,1920,70.9,85,53.417,-4.483,70.8,PRIS,Map
GB,UNITED KINGDOM,WYLFA-2,ANGLESEY,Permanent Shutdown,540,1920,69.8,83.6,53.417,-4.483,70.8,PRIS,Map
GB,UNITED KINGDOM,DOUNREAY DFR,DOUNREAY CAITHNESS,Permanent Shutdown,15,60,0,0,58.57814,-3.75233,60.7,PRIS,Map
GB,UNITED KINGDOM,DOUNREAY PFR,DOUNREAY,Permanent Shutdown,250,600,26.9,0,58.57814,-3.75233,60.7,PRIS,Map
GB,UNITED KINGDOM,HINKLEY POINT B-1,HINKLEY,Operational,655,1494,76.8,100.7,51.209034,-3.127477,57.3,PRIS,Map
GB,UNITED KINGDOM,HINKLEY POINT B-2,HINKLEY,Operational,655,1494,72.9,94.7,51.209034,-3.127477,57.3,PRIS,Map
GB,UNITED KINGDOM,HUNTERSTON B-1,HUNTERSTON,Operational,644,1496,70.5,100.7,55.72209,-4.89009,64.9,PRIS,Map
GB,UNITED KINGDOM,HUNTERSTON B-2,HUNTERSTON,Operational,644,1496,70.3,91.1,55.72209,-4.89009,64.9,PRIS,Map
GB,UNITED KINGDOM,DUNGENESS B-1,Romney Marsh,Operational,615,1500,42.1,63.5,50.913889,0.963889,41.1,PRIS,Map
GB,UNITED KINGDOM,DUNGENESS B-2,Romney Marsh,Operational,615,1500,48.9,41,50.913889,0.963889,41.1,PRIS,Map
GB,UNITED KINGDOM,HARTLEPOOL A-1,HARTLEPOOL,Operational,655,1500,67.9,76.6,54.635,-1.18083,50.4,PRIS,Map
GB,UNITED KINGDOM,HARTLEPOOL A-2,HARTLEPOOL,Operational,655,1500,70.1,58.8,54.635,-1.18083,50.4,PRIS,Map
GB,UNITED KINGDOM,CHAPELCROSS-1,ANNAN,Permanent Shutdown,60,260,85.5,0,55.01566,-3.22605,129.8,PRIS,Map
GB,UNITED KINGDOM,CHAPELCROSS-2,ANNAN,Permanent Shutdown,60,260,85.5,0,55.01566,-3.22605,129.8,PRIS,Map
GB,UNITED KINGDOM,CHAPELCROSS-3,ANNAN,Permanent Shutdown,60,260,85.5,0,55.01566,-3.22605,129.8,PRIS,Map
GB,UNITED KINGDOM,CHAPELCROSS-4,ANNAN,Permanent Shutdown,60,260,85.5,0,55.01566,-3.22605,129.8,PRIS,Map
GB,UNITED KINGDOM,HEYSHAM A-1,HEYSHAM,Operational,625,1500,69.3,55.3,54.02889,-2.91611,56.7,PRIS,Map
GB,UNITED KINGDOM,HEYSHAM A-2,HEYSHAM,Operational,625,1500,67,79.9,54.02889,-2.91611,56.7,PRIS,Map
GB,UNITED KINGDOM,HEYSHAM B-1,HEYSHAM,Operational,680,1550,76.6,89,54.02889,-2.91611,56.7,PRIS,Map
GB,UNITED KINGDOM,HEYSHAM B-2,HEYSHAM,Operational,680,1550,74.2,75.9,54.02889,-2.91611,56.7,PRIS,Map
GB,UNITED KINGDOM,TORNESS-1,DUNBAR,Operational,682,1623,71.5,89.7,55.96799,-2.40908,64.0,PRIS,Map
GB,UNITED KINGDOM,TORNESS-2,DUNBAR,Operational,682,1623,71.6,89.6,55.96799,-2.40908,64.0,PRIS,Map
GB,UNITED KINGDOM,SIZEWELL B,Leiston,Operational,1250,3425,82.9,83,52.215,1.61972,46.3,PRIS,Map
GB,UNITED KINGDOM,BERKELEY-1,RIVER SEVERN,Permanent Shutdown,166,620,58.2,0,51.6925,-2.493611,55.3,PRIS,Map
GB,UNITED KINGDOM,BERKELEY-2,RIVER SEVERN,Permanent Shutdown,166,620,58,0,51.6925,-2.493611,55.3,PRIS,Map
GB,UNITED KINGDOM,BRADWELL-1,BLACKWATER ESTUARY,Permanent Shutdown,146,481,65.5,0,51.74139,0.89694,51.2,PRIS,Map
GB,UNITED KINGDOM,BRADWELL-2,BLACKWATER ESTUARY,Permanent Shutdown,146,481,65.5,0,51.74139,0.89694,51.2,PRIS,Map
GB,UNITED KINGDOM,WINDSCALE AGR,WINDSCALE,Permanent Shutdown,36,120,59.8,0,0,0,-4924.6,PRIS,Map
GB,UNITED KINGDOM,HUNTERSTON A-1,HUNTERSTON,Permanent Shutdown,173,595,81.6,0,55.72222,-4.89,64.8,PRIS,Map
GB,UNITED KINGDOM,HUNTERSTON A-2,HUNTERSTON,Permanent Shutdown,173,595,81.6,0,55.72222,-4.89,64.8,PRIS,Map
GB,UNITED KINGDOM,HINKLEY POINT A-1,HINKLEY POINT,Permanent Shutdown,267,900,72.4,0,51.208739,-3.133743,59.2,PRIS,Map
GB,UNITED KINGDOM,HINKLEY POINT A-2,HINKLEY POINT,Permanent Shutdown,267,900,72.4,0,51.209034,-3.127477,57.3,PRIS,Map
GB,UNITED KINGDOM,TRAWSFYNYDD-1,MERIONETHSHIRE,Permanent Shutdown,235,850,79.6,0,52.9248639,-3.9484389,250.6,PRIS,Map
GB,UNITED KINGDOM,TRAWSFYNYDD-2,MERIONETHSHIRE,Permanent Shutdown,235,850,79.6,0,52.9248639,-3.9484389,250.6,PRIS,Map
GB,UNITED KINGDOM,DUNGENESS A-1,ROMNEY MARSH,Permanent Shutdown,230,840,74,0,50.913889,0.963889,41.1,PRIS,Map
GB,UNITED KINGDOM,DUNGENESS A-2,ROMNEY MARSH,Permanent Shutdown,230,840,74.9,0,52.215,1.61972,46.3,PRIS,Map
HU,HUNGARY,PAKS-1,PAKS,Operational,500,1485,87,93.1,46.5725,18.85417,137.6,PRIS,Map
HU,HUNGARY,PAKS-2,PAKS,Operational,500,1485,81.6,91.6,46.5725,18.85417,137.6,PRIS,Map
HU,HUNGARY,PAKS-3,PAKS,Operational,500,1485,87,73.7,46.5725,18.85417,137.6,PRIS,Map
HU,HUNGARY,PAKS-4,PAKS,Operational,500,1485,89.1,93,46.5725,18.85417,137.6,PRIS,Map
IN,INDIA,TARAPUR-1,BOISAR,Operational,160,530,62.9,85.3,19.8289806,72.6612056,-64.6,PRIS,Map
IN,INDIA,KAKRAPAR-2,SURAT,Operational,220,801,73.7,95.5,21.23861,73.35,-13.4,PRIS,Map
IN,INDIA,RAJASTHAN-3,KOTA,Operational,220,801,74.6,97.8,24.87222,75.61389,312.1,PRIS,Map
IN,INDIA,RAJASTHAN-4,KOTA,Operational,220,801,75.6,93.4,24.87222,75.61389,312.1,PRIS,Map
IN,INDIA,KAIGA-1,KAIGA,Operational,220,801,68.4,81.4,14.8653222,74.4396417,-25.2,PRIS,Map
IN,INDIA,KAIGA-2,KAIGA,Operational,220,801,68.6,86.7,14.8653222,74.4396417,-25.2,PRIS,Map
IN,INDIA,KAIGA-3,KAIGA,Operational,220,800,54.8,88,14.8653222,74.4396417,-25.2,PRIS,Map
IN,INDIA,KAIGA-4,KAIGA,Operational,220,800,68,67.1,14.8653222,74.4396417,-25.2,PRIS,Map
IN,INDIA,RAJASTHAN-5,KOTA,Operational,220,801,94.9,104.1,24.87222,75.61389,312.1,PRIS,Map
IN,INDIA,TARAPUR-2,BOISAR,Operational,160,530,63.2,32.3,19.8289806,72.6612056,-64.6,PRIS,Map
IN,INDIA,RAJASTHAN-6,KOTA,Operational,220,801,79.9,86.6,24.87222,75.61389,312.1,PRIS,Map
IN,INDIA,RAJASTHAN-7,KOTA,Under Construction,700,2177,0,0,24.87222,75.61389,312.1,PRIS,Map
IN,INDIA,RAJASTHAN-8,KOTA,Under Construction,700,2177,0,0,24.87222,75.61389,312.1,PRIS,Map
IN,INDIA,TARAPUR-3,BOISAR,Operational,540,1730,67.7,80.3,19.8289806,72.6612056,-64.6,PRIS,Map
IN,INDIA,TARAPUR-4,BOISAR,Operational,540,1730,57.8,82.2,19.8289806,72.6612056,-64.6,PRIS,Map
IN,INDIA,RAJASTHAN-1,KOTA,Operational,100,346,19.3,0,24.87222,75.61389,312.1,PRIS,Map
IN,INDIA,RAJASTHAN-2,KOTA,Operational,200,693,54.7,91.5,24.87222,75.61389,312.1,PRIS,Map
IN,INDIA,MADRAS-1,MADRAS,Operational,220,801,51,70.2,12.5575,80.175,-89.6,PRIS,Map
IN,INDIA,MADRAS-2,MADRAS,Operational,220,801,54.6,31.3,12.5575,80.175,-89.6,PRIS,Map
IN,INDIA,NARORA-1,NARORA,Operational,220,801,52.7,69.2,28.15806,78.40944,128.9,PRIS,Map
IN,INDIA,NARORA-2,NARORA,Operational,220,801,56,60.2,28.15806,78.40944,128.9,PRIS,Map
IN,INDIA,KAKRAPAR-1,SURAT,Operational,220,801,61.8,96.7,21.23861,73.35,-13.4,PRIS,Map
IR,IRAN,BUSHEHR-1,HALILEH,Operational,1000,3000,95.4,95.4,28.8296222,50.8859611,-8.6,PRIS,Map
IT,ITALY,LATINA,BORGO SABOTINO,Permanent Shutdown,160,660,70.3,0,41.42529,12.807246,53.2,PRIS,Map
IT,ITALY,GARIGLIANO,SESSA AURUNEA,Permanent Shutdown,160,506,39,0,41.25849,13.83492,57.3,PRIS,Map
IT,ITALY,ENRICO FERMI,TRINO VERCELLESE,Permanent Shutdown,270,870,45.3,0,45.1840944,8.2775556,204.3,PRIS,Map
IT,ITALY,CAORSO,CAORSO,Permanent Shutdown,882,2651,36.7,0,45.07206,9.87214,81.5,PRIS,Map
JP,JAPAN,JPDR,TOKAI-MURA,Permanent Shutdown,13,90,0,0,35.75444,136.01639,109.5,PRIS,Map
JP,JAPAN,FUKUSHIMA-DAIICHI-3,OHKUMA-MACHI,Permanent Shutdown,784,2381,65.3,0,37.42306,141.03306,58.6,PRIS,Map
JP,JAPAN,HAMAOKA-1,OMAEZAKI-SHI,Permanent Shutdown,540,1593,47.9,0,34.62361,138.1425,59.1,PRIS,Map
JP,JAPAN,GENKAI-1,GENKAI-CHO,Operational,559,1650,70.8,0,33.51556,129.83722,50.9,PRIS,Map
JP,JAPAN,TAKAHAMA-2,TAKAHAMA,Operational,826,2440,66.2,0,35.5219917,135.5039556,110.1,PRIS,Map
JP,JAPAN,MIHAMA-3,MIHAMA,Operational,826,2440,66.6,0,35.703475,135.9635778,35.3,PRIS,Map
JP,JAPAN,OHI-1,OHI,Operational,1175,3423,62.4,0,35.540625,135.6520333,54.2,PRIS,Map
JP,JAPAN,FUKUSHIMA-DAIICHI-4,OHKUMA-MACHI,Permanent Shutdown,784,2381,70,0,37.42306,141.03306,58.6,PRIS,Map
JP,JAPAN,FUKUSHIMA-DAIICHI-5,OHKUMA-MACHI,Permanent Shutdown,784,2381,65.5,0,37.42306,141.03306,58.6,PRIS,Map
JP,JAPAN,FUKUSHIMA-DAIICHI-6,OHKUMA-MACHI,Permanent Shutdown,1100,3293,64.2,0,37.42306,141.03306,58.6,PRIS,Map
JP,JAPAN,OHI-2,OHI,Operational,1175,3423,69.2,0,35.540625,135.6520333,54.2,PRIS,Map
JP,JAPAN,TOKAI-1,TOKAI MURA,Permanent Shutdown,166,587,70.8,0,36.46639,140.60667,44.5,PRIS,Map
JP,JAPAN,FUGEN ATR,TSURUGA,Permanent Shutdown,165,557,61.9,0,35.75444,136.01639,109.5,PRIS,Map
JP,JAPAN,TOKAI-2,TOKAI MURA,Operational,1100,3293,67.2,0,36.46639,140.60667,44.5,PRIS,Map
JP,JAPAN,ONAGAWA-1,"ONAGAWA, ISHINOMAKI",Operational,524,1593,61,0,38.40111,141.49972,62.5,PRIS,Map
JP,JAPAN,IKATA-1,IKATA-CHO,Operational,566,1650,73.5,0,33.49083,132.31139,170.1,PRIS,Map
JP,JAPAN,HAMAOKA-2,OMAEZAKI-SHI,Permanent Shutdown,840,2436,59.6,0,34.62361,138.1425,59.1,PRIS,Map
JP,JAPAN,FUKUSHIMA-DAINI-1,NARAHA-MACHI,Operational,1100,3293,68.8,0,37.31639,141.02556,50.9,PRIS,Map
JP,JAPAN,FUKUSHIMA-DAINI-2,NARAHA-MACHI,Operational,1100,3293,67.5,0,37.31639,141.02556,50.9,PRIS,Map
JP,JAPAN,GENKAI-2,GENKAI-CHO,Operational,559,1650,74.8,0,33.51556,129.83722,50.9,PRIS,Map
JP,JAPAN,SENDAI-1,SATSUMASENDAI,Operational,890,2660,76.2,0,31.83361,130.18972,44.0,PRIS,Map
JP,JAPAN,TAKAHAMA-3,TAKAHAMA,Operational,870,2660,79.1,0,35.5219917,135.5039556,110.1,PRIS,Map
JP,JAPAN,TSURUGA-1,TSURUGA CITY,Operational,357,1070,62.2,0,35.75194,136.01889,108.3,PRIS,Map
JP,JAPAN,TAKAHAMA-4,TAKAHAMA,Operational,870,2660,78.6,0,35.5219917,135.5039556,110.1,PRIS,Map
JP,JAPAN,MONJU,TSURUGA,Long-term Shutdown,280,714,0,0,35.74028,135.98806,184.2,PRIS,Map
JP,JAPAN,IKATA-2,IKATA-CHO,Operational,566,1650,77.2,0,33.49083,132.31139,170.1,PRIS,Map
JP,JAPAN,KASHIWAZAKI KARIWA-1,KASHIWAZAKI-SHI,Operational,1100,3293,59.6,0,37.4283,138.6017,93.6,PRIS,Map
JP,JAPAN,TSURUGA-2,TSURUGA CITY,Operational,1160,3411,70.3,0,35.75194,136.01889,108.3,PRIS,Map
JP,JAPAN,FUKUSHIMA-DAINI-3,NARAHA-MACHI,Operational,1100,3293,60.4,0,37.31639,141.02556,50.9,PRIS,Map
JP,JAPAN,HAMAOKA-3,OMAEZAKI-SHI,Operational,1100,3293,68.8,0,34.62361,138.1425,59.1,PRIS,Map
JP,JAPAN,SENDAI-2,SATSUMASENDAI,Operational,890,2660,78,0,31.83361,130.18972,44.0,PRIS,Map
JP,JAPAN,FUKUSHIMA-DAINI-4,NARAHA-MACHI,Operational,1100,3293,64.5,0,37.31639,141.02556,46.4,PRIS,Map
JP,JAPAN,KASHIWAZAKI KARIWA-2,KASHIWAZAKI-SHI,Operational,1100,3293,53.6,0,37.4283,138.6017,71.1,PRIS,Map
JP,JAPAN,MIHAMA-1,MIHAMA,Operational,340,1031,49.8,0,35.703475,135.9635778,98.2,PRIS,Map
JP,JAPAN,KASHIWAZAKI KARIWA-5,KASHIWAZAKI-SHI,Operational,1100,3293,60.8,0,37.4283,138.6017,71.1,PRIS,Map
JP,JAPAN,SHIMANE-2,MATSUE,Operational,820,2436,74,0,35.53833,132.99917,81.7,PRIS,Map
JP,JAPAN,TOMARI-1,TOMARI VILLAGE,Operational,579,1650,76.4,0,43.03611,140.5125,59.8,PRIS,Map
JP,JAPAN,TOMARI-2,TOMARI VILLAGE,Operational,579,1650,75.6,0,43.03611,140.5125,59.8,PRIS,Map
JP,JAPAN,GENKAI-3,GENKAI-CHO,Operational,1180,3423,73.2,0,33.51556,129.83722,70.8,PRIS,Map
JP,JAPAN,GENKAI-4,GENKAI-CHO,Operational,1180,3423,76.3,0,33.51556,129.83722,70.8,PRIS,Map
JP,JAPAN,IKATA-3,IKATA-CHO,Operational,890,2660,76.6,0,33.49083,132.31139,195.6,PRIS,Map
JP,JAPAN,SHIKA-1,SHIKA-MACHI,Operational,530,1593,61.3,0,37.06111,136.72639,59.6,PRIS,Map
JP,JAPAN,HAMAOKA-4,OMAEZAKI-SHI,Operational,1137,3293,69.4,0,34.62361,138.1425,45.1,PRIS,Map
JP,JAPAN,FUKUSHIMA-DAIICHI-1,OHKUMA-MACHI,Permanent Shutdown,460,1380,53.3,0,37.42306,141.03306,64.8,PRIS,Map
JP,JAPAN,OHI-3,OHI,Operational,1180,3423,77,68.7,35.540625,135.6520333,52.8,PRIS,Map
JP,JAPAN,OHI-4,OHI,Operational,1180,3423,81.9,72.6,35.540625,135.6520333,52.8,PRIS,Map
JP,JAPAN,KASHIWAZAKI KARIWA-3,KASHIWAZAKI-SHI,Operational,1100,3293,51.1,0,37.4283,138.6017,71.1,PRIS,Map
JP,JAPAN,KASHIWAZAKI KARIWA-4,KASHIWAZAKI-SHI,Operational,1100,3293,49.4,0,37.4283,138.6017,71.1,PRIS,Map
JP,JAPAN,ONAGAWA-2,"ONAGAWA, ISHINOMAKI",Operational,825,2436,62,0,38.40111,141.49972,76.5,PRIS,Map
JP,JAPAN,KASHIWAZAKI KARIWA-6,KASHIWAZAKI-SHI,Operational,1356,3926,65.7,0,37.4283,138.6017,71.1,PRIS,Map
JP,JAPAN,KASHIWAZAKI KARIWA-7,KASHIWAZAKI-SHI,Operational,1356,3926,60,0,37.4283,138.6017,71.1,PRIS,Map
JP,JAPAN,ONAGAWA-3,"ONAGAWA, ISHINOMAKI",Operational,825,2436,52.9,0,38.40111,141.49972,76.5,PRIS,Map
JP,JAPAN,MIHAMA-2,MIHAMA,Operational,500,1456,59.5,0,35.703475,135.9635778,98.2,PRIS,Map
JP,JAPAN,SHIMANE-1,MATSUE,Operational,460,1380,66.3,0,35.53833,132.99917,81.7,PRIS,Map
JP,JAPAN,TAKAHAMA-1,TAKAHAMA,Operational,826,2440,65.1,0,35.5219917,135.5039556,214.8,PRIS,Map
JP,JAPAN,FUKUSHIMA-DAIICHI-2,OHKUMA-MACHI,Permanent Shutdown,784,2381,60.8,0,37.42306,141.03306,64.8,PRIS,Map
KR,SOUTH KOREA,KORI-1,Gijang-gun,Operational,608,1729,74.9,49.9,35.319904,129.290053,33.6,PRIS,Map
KR,SOUTH KOREA,HANUL-2,Ulchin-gun,Operational,1008,2775,88.9,88.4,37.09278,129.38361,82.6,PRIS,Map
KR,SOUTH KOREA,HANBIT-3,Yeonggwang-gun,Operational,1050,2825,89.2,54,35.415,126.42389,72.4,PRIS,Map
KR,SOUTH KOREA,HANBIT-4,Yeonggwang-gun,Operational,1049,2825,91.6,86.6,35.415,126.42389,72.4,PRIS,Map
KR,SOUTH KOREA,HANUL-3,Ulchin-gun,Operational,1050,2825,90.5,100.3,37.09278,129.38361,82.6,PRIS,Map
KR,SOUTH KOREA,HANUL-4,Ulchin-gun,Operational,1053,2825,80.2,37.8,37.09278,129.38361,82.6,PRIS,Map
KR,SOUTH KOREA,WOLSONG-3,Gyeongju-si,Operational,698,2061,94.6,91,35.71667,129.47778,113.7,PRIS,Map
KR,SOUTH KOREA,WOLSONG-4,Gyeongju-si,Operational,703,2061,96,89,35.71667,129.47778,113.7,PRIS,Map
KR,SOUTH KOREA,HANBIT-5,Yeonggwang-gun,Operational,1053,2825,88.6,93.8,35.415,126.42389,72.4,PRIS,Map
KR,SOUTH KOREA,HANBIT-6,Yeonggwang-gun,Operational,1052,2825,90,97.9,35.415,126.42389,72.4,PRIS,Map
KR,SOUTH KOREA,HANUL-5,Ulchin-gun,Operational,1051,2815,92.8,85.7,37.09278,129.38361,82.6,PRIS,Map
KR,SOUTH KOREA,KORI-2,Gijang-gun,Operational,676,1882,87.9,80.4,35.319904,129.290053,33.6,PRIS,Map
KR,SOUTH KOREA,HANUL-6,Ulchin-gun,Operational,1051,2825,93.2,99.9,37.09278,129.38361,82.6,PRIS,Map
KR,SOUTH KOREA,WOLSONG-1,Gyeongju-si,Operational,687,2061,77.5,0,35.71667,129.47778,113.7,PRIS,Map
KR,SOUTH KOREA,WOLSONG-2,Gyeongju-si,Operational,678,2061,93.8,83.6,35.71667,129.47778,113.7,PRIS,Map
KR,SOUTH KOREA,KORI-3,Gijang-gun,Operational,1042,2912,89,100.1,35.319904,129.290053,33.6,PRIS,Map
KR,SOUTH KOREA,KORI-4,Gijang-gun,Operational,1041,2912,90.4,75.5,35.319904,129.290053,33.6,PRIS,Map
KR,SOUTH KOREA,HANBIT-1,Yeonggwang-gun,Operational,996,2787,90.2,82.2,35.415,126.42389,72.4,PRIS,Map
KR,SOUTH KOREA,HANBIT-2,Yeonggwang-gun,Operational,993,2787,88.2,74.8,35.415,126.42389,72.4,PRIS,Map
KR,SOUTH KOREA,HANUL-1,Ulchin-gun,Operational,1003,2785,87,86,37.09278,129.38361,82.6,PRIS,Map
KZ,KAZAKHSTAN,AKTAU,MANGYSTAU,Permanent Shutdown,90,1000,0,0,43.607,51.283,-33.0,PRIS,Map
LT,LITHUANIA,IGNALINA-1,VISAGINAS,Permanent Shutdown,1300,4800,53.9,0,55.60444,26.56,174.8,PRIS,Map
LT,LITHUANIA,IGNALINA-2,VISAGINAS,Permanent Shutdown,1300,4800,64.4,0,55.60444,26.56,174.8,PRIS,Map
MX,MEXICO,LAGUNA VERDE-1,ALTO LUCERO,Operational,700,2027,76.4,98.2,19.72083,-96.40639,-10.5,PRIS,Map
MX,MEXICO,LAGUNA VERDE-2,ALTO LUCERO,Operational,700,2027,80.2,97.1,19.72083,-96.40639,-10.5,PRIS,Map
NL,NETHERLANDS,DODEWAARD,DODEWAARD,Permanent Shutdown,60,183,82,0,51.89972,5.68611,54.7,PRIS,Map
NL,NETHERLANDS,BORSSELE,BORSSELE,Operational,515,1366,83.7,64.8,51.43083,3.71833,42.7,PRIS,Map
PK,PAKISTAN,KANUPP,Karachi,Operational,100,337,28.8,60.9,24.847167,66.78825,-21.0,PRIS,Map
PK,PAKISTAN,CHASNUPP-1,KUNDIAN,Operational,325,999,74.4,83.3,32.39028,71.4625,158.6,PRIS,Map
PK,PAKISTAN,CHASNUPP-2,KUNDIAN,Operational,325,999,76.9,64.7,32.39028,71.4625,158.6,PRIS,Map
RO,ROMANIA,CERNAVODA-1,CERNAVODA,Operational,706,2180,89.7,98.7,44.32222,28.05722,98.9,PRIS,Map
RO,ROMANIA,CERNAVODA-2,CERNAVODA,Operational,705,2180,93.8,89.1,44.32222,28.05722,98.9,PRIS,Map
RU,RUSSIA,APS-1 OBNINSK,OBNINSK,Permanent Shutdown,6,30,0,0,55.08417,36.56972,165.4,PRIS,Map
RU,RUSSIA,NOVOVORONEZH-4,NOVOVORONEZHSKIY,Operational,417,1375,78.2,90.1,51.275,39.2,102.5,PRIS,Map
RU,RUSSIA,BELOYARSK-4,ZARECHNYY,Under Construction,864,2100,0,0,56.84167,61.3225,218.0,PRIS,Map
RU,RUSSIA,KOLA-1,POLYARNYYE ZORI,Operational,440,1375,65.5,66.1,67.467,32.467,164.9,PRIS,Map
RU,RUSSIA,KOLA-2,POLYARNYYE ZORI,Operational,440,1375,66.3,67,67.467,32.467,164.9,PRIS,Map
RU,RUSSIA,BILIBINO-1,Bilibino,Operational,12,62,52.9,39.1,68.05028,166.53861,443.9,PRIS,Map
RU,RUSSIA,BILIBINO-2,Bilibino,Operational,12,62,53.6,44.8,68.05028,166.53861,443.9,PRIS,Map
RU,RUSSIA,BILIBINO-3,Bilibino,Operational,12,62,55.1,45.5,68.05028,166.53861,443.9,PRIS,Map
RU,RUSSIA,BILIBINO-4,Bilibino,Operational,12,62,53.8,47.2,68.05028,166.53861,443.9,PRIS,Map
RU,RUSSIA,LENINGRAD-1,SOSNOVYY BOR,Operational,1000,3200,68.7,0,59.84722,29.04361,34.5,PRIS,Map
RU,RUSSIA,LENINGRAD-2,SOSNOVYY BOR,Operational,1000,3200,70.1,40.9,59.84722,29.04361,34.5,PRIS,Map
RU,RUSSIA,KURSK-1,KURCHATOV,Operational,1000,3200,62.4,83.4,51.675,35.60556,170.5,PRIS,Map
RU,RUSSIA,NOVOVORONEZH-5,NOVOVORONEZHSKIY,Operational,1000,3000,63.5,86.6,51.275,39.2,102.5,PRIS,Map
RU,RUSSIA,BELOYARSK-3,ZARECHNYY,Operational,600,1470,74.2,78.3,56.84167,61.3225,218.0,PRIS,Map
RU,RUSSIA,KURSK-2,KURCHATOV,Operational,1000,3200,63.2,19.6,51.675,35.60556,170.5,PRIS,Map
RU,RUSSIA,SMOLENSK-1,DESNOGORSK,Operational,1000,3200,72.4,96,54.1691611,33.2466361,221.8,PRIS,Map
RU,RUSSIA,SMOLENSK-2,DESNOGORSK,Operational,1000,3200,73.7,32.5,54.1691611,33.2466361,221.8,PRIS,Map
RU,RUSSIA,BELOYARSK-1,ZARECHNYY,Permanent Shutdown,108,286,0,0,56.84167,61.3225,218.0,PRIS,Map
RU,RUSSIA,KALININ-1,UDOMLYA,Operational,1000,3000,74.8,83.7,57.90556,35.06028,172.4,PRIS,Map
RU,RUSSIA,KALININ-2,UDOMLYA,Operational,1000,3000,76.7,103.8,57.90556,35.06028,172.4,PRIS,Map
RU,RUSSIA,KOLA-3,POLYARNYYE ZORI,Operational,440,1375,69,62.9,67.467,32.467,164.9,PRIS,Map
RU,RUSSIA,KOLA-4,POLYARNYYE ZORI,Operational,440,1375,71.7,71.5,67.467,32.467,164.9,PRIS,Map
RU,RUSSIA,LENINGRAD-3,SOSNOVYY BOR,Operational,1000,3200,70.5,85.1,59.84722,29.04361,34.5,PRIS,Map
RU,RUSSIA,LENINGRAD-4,SOSNOVYY BOR,Operational,1000,3200,72,86.3,59.84722,29.04361,34.5,PRIS,Map
RU,RUSSIA,KALININ-3,UDOMLYA,Operational,1000,3200,84.6,78.2,57.90556,35.06028,172.4,PRIS,Map
RU,RUSSIA,KALININ-4,UDOMLYA,Operational,1000,3200,76.2,76.2,57.90556,35.06028,172.4,PRIS,Map
RU,RUSSIA,KURSK-3,KURCHATOV,Operational,1000,3200,72.3,89.6,51.675,35.60556,170.5,PRIS,Map
RU,RUSSIA,KURSK-4,KURCHATOV,Operational,1000,3200,76,76.7,51.675,35.60556,170.5,PRIS,Map
RU,RUSSIA,NOVOVORONEZH-1,NOVOVORONEZHSKIY,Permanent Shutdown,210,760,0,0,51.275,39.2,102.5,PRIS,Map
RU,RUSSIA,ROSTOV-1,ROSTOV OBLAST,Operational,1000,3200,90.3,102.8,47.5993417,42.3718778,42.2,PRIS,Map
RU,RUSSIA,BELOYARSK-2,ZARECHNYY,Permanent Shutdown,160,530,0,0,56.84167,61.3225,218.0,PRIS,Map
RU,RUSSIA,ROSTOV-2,ROSTOV OBLAST,Operational,1000,3200,90.8,94.1,47.5993417,42.3718778,42.2,PRIS,Map
RU,RUSSIA,ROSTOV-3,ROSTOV OBLAST,Under Construction,1100,3000,0,0,47.5993417,42.3718778,42.2,PRIS,Map
RU,RUSSIA,ROSTOV-4,ROSTOV OBLAST,Under Construction,1100,3000,0,0,47.5993417,42.3718778,42.2,PRIS,Map
RU,RUSSIA,SMOLENSK-3,DESNOGORSK,Operational,1000,3200,79.4,98,54.1691611,33.2466361,221.8,PRIS,Map
RU,RUSSIA,NOVOVORONEZH-2,NOVOVORONEZHSKIY,Permanent Shutdown,365,1320,0,0,51.275,39.2,102.5,PRIS,Map
RU,RUSSIA,NOVOVORONEZH-3,NOVOVORONEZHSKIY,Operational,417,1375,70.8,85.8,51.275,39.2,102.5,PRIS,Map
RU,RUSSIA,BALAKOVO-1,BALAKOVO,Operational,1000,3000,68.8,105.4,52.09111,47.95528,31.5,PRIS,Map
RU,RUSSIA,BALAKOVO-2,BALAKOVO,Operational,1000,3000,70.1,98.8,52.09111,47.95528,31.5,PRIS,Map
RU,RUSSIA,BALAKOVO-3,BALAKOVO,Operational,1000,3000,73.5,88.7,52.09111,47.95528,31.5,PRIS,Map
RU,RUSSIA,BALAKOVO-4,BALAKOVO,Operational,1000,3200,78.7,94.3,52.09111,47.95528,31.5,PRIS,Map
SE,SWEDEN,AGESTA,AGESTA,Permanent Shutdown,12,80,0,0,59.2060222,18.0828722,77.5,PRIS,Map
SE,SWEDEN,RINGHALS-4,RINGHALS,Operational,990,2775,80,89.6,57.25972,12.11083,59.1,PRIS,Map
SE,SWEDEN,FORSMARK-2,OESTHAMMAR,Operational,1158,3253,79.8,91.1,60.40333,18.16667,33.9,PRIS,Map
SE,SWEDEN,OSKARSHAMN-3,OSKARSHAMN,Operational,1450,3900,77.5,77,57.41556,16.67111,32.6,PRIS,Map
SE,SWEDEN,FORSMARK-3,OESTHAMMAR,Operational,1212,3300,84.9,88,60.40333,18.16667,33.9,PRIS,Map
SE,SWEDEN,OSKARSHAMN-1,OSKARSHAMN,Operational,492,1375,60.1,13.1,57.41556,16.67111,32.6,PRIS,Map
SE,SWEDEN,OSKARSHAMN-2,OSKARSHAMN,Operational,661,1800,75.3,31,57.41556,16.67111,32.6,PRIS,Map
SE,SWEDEN,RINGHALS-1,RINGHALS,Operational,910,2540,67.1,79.6,57.25972,12.11083,59.1,PRIS,Map
SE,SWEDEN,RINGHALS-2,RINGHALS,Operational,847,2500,67.6,85,57.25972,12.11083,59.1,PRIS,Map
SE,SWEDEN,BARSEBACK-1,BARSEBACK,Permanent Shutdown,615,1800,75,0,55.74444,12.92083,37.0,PRIS,Map
SE,SWEDEN,RINGHALS-3,RINGHALS,Operational,1117,3135,75.7,74.6,57.25972,12.11083,59.1,PRIS,Map
SE,SWEDEN,BARSEBACK-2,BARSEBACK,Permanent Shutdown,615,1800,75.5,0,55.74444,12.92083,37.0,PRIS,Map
SE,SWEDEN,FORSMARK-1,OESTHAMMAR,Operational,1022,2928,81.8,87.5,60.40333,18.16667,33.9,PRIS,Map
SI,SLOVENIA,KRSKO,KRSKO,Operational,727,1994,83.8,83.6,45.93833,15.51556,245.0,PRIS,Map
SK,SLOVAKIA,BOHUNICE A1,Jaslovsk√© Bohunice,Permanent Shutdown,143,560,26.2,0,48.49444,17.68194,212.2,PRIS,Map
SK,SLOVAKIA,MOCHOVCE-3,LEVICE,Under Construction,471,1375,0,0,48.26389,18.45694,278.4,PRIS,Map
SK,SLOVAKIA,MOCHOVCE-4,LEVICE,Under Construction,471,1375,0,0,48.26389,18.45694,278.4,PRIS,Map
SK,SLOVAKIA,BOHUNICE-3,Jaslovske Bohunice,Operational,505,1471,78,90.1,48.49444,17.68194,212.2,PRIS,Map
SK,SLOVAKIA,BOHUNICE-4,Jaslovske Bohunice,Operational,505,1471,79.3,91.8,48.49444,17.68194,212.2,PRIS,Map
SK,SLOVAKIA,BOHUNICE-1,Jaslovske Bohunice,Permanent Shutdown,440,1375,72,0,48.49444,17.68194,212.2,PRIS,Map
SK,SLOVAKIA,BOHUNICE-2,Jaslovske Bohunice,Permanent Shutdown,440,1375,74.9,0,48.49444,17.68194,212.2,PRIS,Map
SK,SLOVAKIA,MOCHOVCE-1,LEVICE,Operational,470,1471,83.6,92.3,48.26389,18.45694,278.4,PRIS,Map
SK,SLOVAKIA,MOCHOVCE-2,LEVICE,Operational,470,1471,82.7,93.8,48.26389,18.45694,278.4,PRIS,Map
TW,TAIWAN,CHINSHAN-1,SHIHMEN HSIANG,Operational,636,1840,82.6,72.7,25.28583,121.58611,93.3,PRIS,Map
TW,TAIWAN,CHINSHAN-2,SHIHMEN HSIANG,Operational,636,1840,83.5,97.3,25.28583,121.58611,93.3,PRIS,Map
TW,TAIWAN,KUOSHENG-1,KUOSHENG,Operational,1020,2943,82.6,91.1,25.20278,121.6625,114.6,PRIS,Map
TW,TAIWAN,KUOSHENG-2,KUOSHENG,Operational,1020,2943,82.9,90.2,25.20278,121.6625,114.6,PRIS,Map
TW,TAIWAN,MAANSHAN-1,HENG CHUN,Operational,951,2822,86.1,86.4,21.95833,120.75139,48.9,PRIS,Map
TW,TAIWAN,MAANSHAN-2,HENG CHUN,Operational,951,2822,87.3,100.5,21.95833,120.75139,48.9,PRIS,Map
TW,TAIWAN,LUNGMEN 1,GONGLIAD,Under Construction,1350,3926,0,0,25.03861,121.92417,77.9,PRIS,Map
TW,TAIWAN,LUNGMEN 2,GONGLIAD,Under Construction,1350,3926,0,0,25.03861,121.92417,77.9,PRIS,Map
UA,UKRAINE,ZAPOROZHYE-5,ENERGODAR,Operational,1000,3000,74.7,83,47.51222,34.58583,43.5,PRIS,Map
UA,UKRAINE,ZAPOROZHYE-6,ENERGODAR,Operational,1000,3000,78.4,76.4,47.51222,34.58583,43.5,PRIS,Map
UA,UKRAINE,CHERNOBYL-1,PRIPYAT,Permanent Shutdown,800,3200,64.2,0,51.3895528,30.0991472,132.7,PRIS,Map
UA,UKRAINE,CHERNOBYL-2,PRIPYAT,Permanent Shutdown,1000,3200,0,0,51.3,30.005,157.8,PRIS,Map
UA,UKRAINE,ROVNO-1,KUZNETSOVSK,Operational,420,1375,74.9,45.2,51.32778,25.89167,217.4,PRIS,Map
UA,UKRAINE,ROVNO-2,KUZNETSOVSK,Operational,415,1375,77.4,68.2,51.32778,25.89167,217.4,PRIS,Map
UA,UKRAINE,ROVNO-3,KUZNETSOVSK,Operational,1000,3000,67.7,72.9,51.32778,25.89167,217.4,PRIS,Map
UA,UKRAINE,KHMELNITSKI-1,NETESHIN,Operational,1000,3000,74.7,82.6,50.3014056,26.64975,241.0,PRIS,Map
UA,UKRAINE,KHMELNITSKI-2,NETESHIN,Operational,1000,3000,75.9,84.4,50.3014056,26.64975,241.0,PRIS,Map
UA,UKRAINE,CHERNOBYL-3,PRIPYAT,Permanent Shutdown,1000,3200,63.8,0,51.38972,30.09917,132.7,PRIS,Map
UA,UKRAINE,CHERNOBYL-4,PRIPYAT,Permanent Shutdown,1000,3200,0,0,51.38972,30.09917,132.7,PRIS,Map
UA,UKRAINE,SOUTH UKRAINE-1,NIKOLAYEV OBLAST,Operational,1000,3000,65.1,21.2,47.81667,31.21667,135.3,PRIS,Map
UA,UKRAINE,SOUTH UKRAINE-2,NIKOLAYEV OBLAST,Operational,1000,3000,65.1,73.8,47.81667,31.21667,135.3,PRIS,Map
UA,UKRAINE,SOUTH UKRAINE-3,NIKOLAYEV OBLAST,Operational,1000,3000,67.5,56.8,47.81667,31.21667,135.3,PRIS,Map
UA,UKRAINE,KHMELNITSKI-3,NETESHIN,Under Construction,1000,3200,0,0,50.3014056,26.64975,241.0,PRIS,Map
UA,UKRAINE,KHMELNITSKI-4,NETESHIN,Under Construction,1000,3200,0,0,50.3014056,26.64975,241.0,PRIS,Map
UA,UKRAINE,ZAPOROZHYE-1,ENERGODAR,Operational,1000,3000,64.9,69.9,47.51222,34.58583,43.5,PRIS,Map
UA,UKRAINE,ZAPOROZHYE-2,ENERGODAR,Operational,1000,3000,67.7,70.4,47.51222,34.58583,43.5,PRIS,Map
UA,UKRAINE,ROVNO-4,KUZNETSOVSK,Operational,1000,3000,64.3,60.6,51.32778,25.89167,217.4,PRIS,Map
UA,UKRAINE,ZAPOROZHYE-3,ENERGODAR,Operational,1000,3000,69.7,65.1,47.51222,34.58583,43.5,PRIS,Map
UA,UKRAINE,ZAPOROZHYE-4,ENERGODAR,Operational,1000,3000,73.1,77,47.51222,34.58583,43.5,PRIS,Map
US,UNITED STATES,ELK RIVER,[],Permanent Shutdown,24,58,0,0,45.295172,-93.5567,246.1,PRIS,Map
US,UNITED STATES,DRESDEN-1,MORRIS,Permanent Shutdown,207,700,0,0,41.38972,-88.26806,132.4,PRIS,Map
US,UNITED STATES,PATHFINDER,[],Permanent Shutdown,63,220,0,0,43.60361,-96.6375,403.4,PRIS,Map
US,UNITED STATES,HUMBOLDT BAY,EUREKA,Permanent Shutdown,65,220,0,0,40.7413222,-124.2090444,-26.2,PRIS,Map
US,UNITED STATES,CVTR,Parr,Permanent Shutdown,19,65,0,0,34.2625,-81.32917,58.0,PRIS,Map
US,UNITED STATES,BIG ROCK POINT,CHARLEVOIX,Permanent Shutdown,71,240,64.1,0,45.35889,-85.19722,148.4,PRIS,Map
US,UNITED STATES,FERMI-1,LAGOONA BEACH,Permanent Shutdown,65,200,0,0,41.96278,-83.2575,137.5,PRIS,Map
US,UNITED STATES,PEACH BOTTOM-1,YORK COUNTY,Permanent Shutdown,42,115,0,0,39.75833,-76.26806,55.3,PRIS,Map
US,UNITED STATES,SAN ONOFRE-1,SAN CLEMENTE,Permanent Shutdown,456,1347,53.2,0,33.36889,-117.555,9.9,PRIS,Map
US,UNITED STATES,HADDAM NECK,HADDAM NECK,Permanent Shutdown,603,1825,73.5,0,41.48194,-72.49917,-14.3,PRIS,Map
US,UNITED STATES,OYSTER CREEK,FORKED RIVER,Operational,652,1930,72.3,94.4,39.81472,-74.205,-28.7,PRIS,Map
US,UNITED STATES,NINE MILE POINT-1,SCRIBA,Operational,642,1850,71.6,89.5,43.52083,-76.40694,32.1,PRIS,Map
US,UNITED STATES,DRESDEN-2,MORRIS,Operational,926,2957,70.8,97.6,41.38972,-88.26806,132.4,PRIS,Map
US,UNITED STATES,GINNA,ONTARIO,Operational,608,1775,83.4,98.1,43.27778,-77.31,43.1,PRIS,Map
US,UNITED STATES,MILLSTONE-1,WATERFORD,Permanent Shutdown,684,2011,65.1,0,41.31194,-72.16861,-28.9,PRIS,Map
US,UNITED STATES,INDIAN POINT-2,BUCHANAN,Operational,1067,3216,73.3,98.1,41.26972,-73.95222,8.9,PRIS,Map
US,UNITED STATES,DRESDEN-3,MORRIS,Operational,890,2957,70.6,103.6,41.38972,-88.26806,132.4,PRIS,Map
US,UNITED STATES,TURKEY POINT-3,FLORIDA CITY,Operational,829,2644,75.8,88.8,25.43417,-80.33056,-27.2,PRIS,Map
US,UNITED STATES,TURKEY POINT-4,FLORIDA CITY,Operational,829,2644,75.6,68.8,25.43417,-80.33056,-27.2,PRIS,Map
US,UNITED STATES,QUAD CITIES-1,CORDOVA,Operational,940,2957,74.8,94.4,41.72639,-90.31,146.5,PRIS,Map
US,UNITED STATES,PALISADES,SOUTH HAVEN,Operational,845,2565,68.4,87,42.32278,-86.31444,175.9,PRIS,Map
US,UNITED STATES,BROWNS FERRY-1,DECATUR,Operational,1155,3458,67.9,98.3,34.70389,-87.11861,148.9,PRIS,Map
US,UNITED STATES,BROWNS FERRY-2,DECATUR,Operational,1155,3458,77.5,82.7,34.70389,-87.11861,148.9,PRIS,Map
US,UNITED STATES,ROBINSON-2,HARTSVILLE,Operational,780,2339,77.1,87.8,34.40278,-80.15833,39.1,PRIS,Map
US,UNITED STATES,MONTICELLO,MONTICELLO,Operational,613,1775,80.1,59.2,45.33361,-93.84917,262.3,PRIS,Map
US,UNITED STATES,QUAD CITIES-2,CORDOVA,Operational,940,2957,73.7,100.9,41.72639,-90.31,146.5,PRIS,Map
US,UNITED STATES,POINT BEACH-1,TWO CREEKS,Operational,640,1800,79.9,90.9,44.28111,-87.53667,142.7,PRIS,Map
US,UNITED STATES,FORT ST. VRAIN,PLATTEVILLE,Permanent Shutdown,342,842,15.2,0,40.24444,-104.87417,1447.8,PRIS,Map
US,UNITED STATES,OCONEE-1,OCONEE,Operational,891,2568,77.9,95.5,34.79389,-82.89806,229.6,PRIS,Map
US,UNITED STATES,OCONEE-2,OCONEE,Operational,891,2568,80.5,86.3,34.79389,-82.89806,229.6,PRIS,Map
US,UNITED STATES,VERMONT YANKEE,VERNON,Operational,635,1912,83.5,91.8,42.77889,-72.51306,91.8,PRIS,Map
US,UNITED STATES,SALEM-1,SALEM,Operational,1254,3459,67.9,89.2,39.46278,-75.53556,-34.5,PRIS,Map
US,UNITED STATES,DIABLO CANYON-1,AVILA BEACH,Operational,1197,3411,86.2,98.2,35.21083,-120.85611,-17.8,PRIS,Map
US,UNITED STATES,PEACH BOTTOM-2,YORK COUNTY,Operational,1182,3514,74.3,102.5,39.75833,-76.26806,55.3,PRIS,Map
US,UNITED STATES,PEACH BOTTOM-3,YORK COUNTY,Operational,1182,3514,75.3,87,39.75833,-76.26806,55.3,PRIS,Map
US,UNITED STATES,SURRY-1,GRAVEL NECK,Operational,890,2857,75.6,93.1,37.16556,-76.69778,-33.9,PRIS,Map
US,UNITED STATES,SURRY-2,GRAVEL NECK,Operational,890,2857,76,103.1,37.16556,-76.69778,-33.9,PRIS,Map
US,UNITED STATES,PRAIRIE ISLAND-1,RED WING,Operational,566,1677,85.7,101.8,44.62167,-92.63306,186.9,PRIS,Map
US,UNITED STATES,FORT CALHOUN-1,FORT CALHOUN,Operational,512,1500,71.6,2.3,41.52028,-96.07722,287.7,PRIS,Map
US,UNITED STATES,INDIAN POINT-3,BUCHANAN,Operational,1085,3216,69.2,90.9,41.26972,-73.95222,-13.5,PRIS,Map
US,UNITED STATES,OCONEE-3,OCONEE,Operational,891,2568,80.5,101.9,34.79389,-82.89806,230.1,PRIS,Map
US,UNITED STATES,THREE MILE ISLAND-1,DAUPHIN,Operational,880,2568,75.2,93.1,40.153293,-76.72534,52.4,PRIS,Map
US,UNITED STATES,YANKEE NPS,ROWE,Permanent Shutdown,180,600,71.7,0,42.7278389,-72.9291083,387.3,PRIS,Map
US,UNITED STATES,PILGRIM-1,PLYMOUTH,Operational,711,2028,68.8,72.9,41.945,-70.5783,-24.2,PRIS,Map
US,UNITED STATES,ZION-1,ZION,Permanent Shutdown,1085,3250,57.4,0,42.446428,-87.803003,142.8,PRIS,Map
US,UNITED STATES,BROWNS FERRY-3,DECATUR,Operational,1155,3458,80.3,95.4,34.70389,-87.11861,142.9,PRIS,Map
US,UNITED STATES,COOPER,BROWNVILLE,Operational,801,2419,73.3,101.4,40.36194,-95.64139,240.4,PRIS,Map
US,UNITED STATES,INDIAN POINT-1,BUCHANAN,Permanent Shutdown,277,615,0,0,41.26972,-73.95222,-13.5,PRIS,Map
US,UNITED STATES,POINT BEACH-2,TWO CREEKS,Operational,640,1800,83,101.2,44.28111,-87.53667,157.5,PRIS,Map
US,UNITED STATES,CRYSTAL RIVER-3,[],Permanent Shutdown,890,2568,64.5,0,28.9575,-82.69833,-27.9,PRIS,Map
US,UNITED STATES,ZION-2,ZION,Permanent Shutdown,1085,3250,59.2,0,42.446428,-87.803003,142.8,PRIS,Map
US,UNITED STATES,KEWAUNEE,CARLTON,Permanent Shutdown,595,1772,84,101,44.34222,-87.53611,147.0,PRIS,Map
US,UNITED STATES,PRAIRIE ISLAND-2,RED WING,Operational,560,1677,87.2,67.5,44.62167,-92.63306,182.3,PRIS,Map
US,UNITED STATES,MAINE YANKEE,WISCASSET,Permanent Shutdown,900,2630,68.2,0,43.9517583,-69.6962278,-16.0,PRIS,Map
US,UNITED STATES,SALEM-2,SALEM,Operational,1200,3459,69.8,101.2,39.46278,-75.53556,-34.3,PRIS,Map
US,UNITED STATES,RANCHO SECO-1,SACRAMENTO,Permanent Shutdown,917,2772,40,0,38.34528,-121.12167,22.2,PRIS,Map
US,UNITED STATES,ANO-1,POPE,Operational,903,2568,76.2,60.7,35.31028,-93.23139,76.9,PRIS,Map
US,UNITED STATES,COOK-1,BRIDGMAN,Operational,1100,3304,67.3,87,41.975391,-86.565914,145.1,PRIS,Map
US,UNITED STATES,COOK-2,BRIDGMAN,Operational,1151,3468,68.4,89.4,41.975391,-86.565914,145.1,PRIS,Map
US,UNITED STATES,CALVERT CLIFFS-1,LUSBY,Operational,918,2737,80,103,38.43194,-76.44222,-20.3,PRIS,Map
US,UNITED STATES,CALVERT CLIFFS-2,LUSBY,Operational,911,2737,82.5,87.1,38.43194,-76.44222,-20.3,PRIS,Map
US,UNITED STATES,THREE MILE ISLAND-2,DAUPHIN,Permanent Shutdown,959,2772,69.3,0,40.153293,-76.72534,52.4,PRIS,Map
US,UNITED STATES,HATCH-1,BAXLEY,Operational,911,2804,79.5,92,31.93417,-82.34389,2.6,PRIS,Map
US,UNITED STATES,SHOREHAM,SHOREHAM,Permanent Shutdown,849,2436,0,0,40.96111,-72.865,-13.8,PRIS,Map
US,UNITED STATES,DIABLO CANYON-2,AVILA BEACH,Operational,1197,3411,86.9,86,35.21083,-120.85611,63.4,PRIS,Map
US,UNITED STATES,BRUNSWICK-2,SOUTHPORT,Operational,960,2923,71.6,79.2,33.95833,-78.01028,-32.5,PRIS,Map
US,UNITED STATES,BRUNSWICK-1,SOUTHPORT,Operational,990,2923,74.2,98.2,33.95833,-78.01028,-32.5,PRIS,Map
US,UNITED STATES,SEQUOYAH-1,DAISY,Operational,1221,3455,72.4,87.2,35.22639,-85.09167,178.0,PRIS,Map
US,UNITED STATES,SEQUOYAH-2,DAISY,Operational,1200,3455,75.2,97.9,35.22639,-85.09167,178.0,PRIS,Map
US,UNITED STATES,DUANE ARNOLD-1,PALO,Operational,624,1912,76.7,101,42.10056,-91.77722,202.2,PRIS,Map
US,UNITED STATES,FITZPATRICK,OSWEGO,Operational,849,2536,76.1,96,43.5233,-76.3983,37.7,PRIS,Map
US,UNITED STATES,BEAVER VALLEY-1,SHIPPINGPORT,Operational,959,2900,72.4,88.9,40.62333,-80.43056,211.2,PRIS,Map
US,UNITED STATES,ST. LUCIE-1,FORT PIERCE,Operational,1045,3020,81.5,81.1,27.34861,-80.24639,-29.6,PRIS,Map
US,UNITED STATES,MILLSTONE-2,WATERFORD,Operational,918,2700,67.8,99.6,41.31194,-72.16861,-33.1,PRIS,Map
US,UNITED STATES,NORTH ANNA-1,MINERAL,Operational,990,2940,80.5,92.9,38.06056,-77.78944,57.8,PRIS,Map
US,UNITED STATES,NORTH ANNA-2,MINERAL,Operational,1011,2940,83.6,88.8,38.06056,-77.78944,57.8,PRIS,Map
US,UNITED STATES,FERMI-2,LAGOONA BEACH,Operational,1100,3430,75.1,72.8,41.96278,-83.2575,140.8,PRIS,Map
US,UNITED STATES,TROJAN,PRESCOTT,Permanent Shutdown,1155,3411,53.6,0,46.03833,-122.885,-14.0,PRIS,Map
US,UNITED STATES,DAVIS BESSE-1,OTTAWA,Operational,925,2817,68.5,98,41.59667,-83.08639,137.9,PRIS,Map
US,UNITED STATES,FARLEY-1,DOTHAN,Operational,918,2775,82.9,91.7,31.22306,-85.11167,17.3,PRIS,Map
US,UNITED STATES,LIMERICK-1,LIMERICK,Operational,1194,3515,88,102.5,40.22667,-75.58722,25.4,PRIS,Map
US,UNITED STATES,LIMERICK-2,LIMERICK,Operational,1194,3515,92.2,95,40.22667,-75.58722,25.4,PRIS,Map
US,UNITED STATES,HOPE CREEK-1,SALEM,Operational,1240,3840,85.3,88.8,39.46778,-75.53806,-34.1,PRIS,Map
US,UNITED STATES,SAN ONOFRE-2,SAN CLEMENTE,Permanent Shutdown,1127,3438,78,0,33.36889,-117.555,-16.2,PRIS,Map
US,UNITED STATES,SAN ONOFRE-3,SAN CLEMENTE,Permanent Shutdown,1127,3438,77.5,0,33.36889,-117.555,-16.2,PRIS,Map
US,UNITED STATES,FARLEY-2,DOTHAN,Operational,928,2775,86.3,91.5,31.22306,-85.11167,17.3,PRIS,Map
US,UNITED STATES,HATCH-2,BAXLEY,Operational,921,2804,79.9,87.5,31.93417,-82.34389,2.6,PRIS,Map
US,UNITED STATES,ANO-2,POPE,Operational,1065,3026,84.5,86.6,35.31028,-93.23139,76.9,PRIS,Map
US,UNITED STATES,MCGUIRE-1,CORNELIUS,Operational,1215,3411,79.3,86.6,35.4325,-80.94833,191.2,PRIS,Map
US,UNITED STATES,MCGUIRE-2,CORNELIUS,Operational,1215,3411,84.8,99.7,35.4325,-80.94833,191.2,PRIS,Map
US,UNITED STATES,LASALLE-1,MARSEILLES,Operational,1207,3546,76.9,98.1,41.24556,-88.66917,184.9,PRIS,Map
US,UNITED STATES,LASALLE-2,MARSEILLES,Operational,1207,3546,77.2,90,41.24556,-88.66917,184.9,PRIS,Map
US,UNITED STATES,WATERFORD-3,TAFT,Operational,1250,3716,86.9,91.7,29.99528,-90.47111,-23.5,PRIS,Map
US,UNITED STATES,SUSQUEHANNA-1,SALEM,Operational,1330,3952,82.5,89.9,41.08889,-76.14889,156.9,PRIS,Map
US,UNITED STATES,SUSQUEHANNA-2,SALEM,Operational,1330,3952,86,82.4,41.08889,-76.14889,156.9,PRIS,Map
US,UNITED STATES,ST. LUCIE-2,FORT PIERCE,Operational,1050,3020,84.7,99.9,27.34861,-80.24639,-29.6,PRIS,Map
US,UNITED STATES,WATTS BAR-1,SPRING CITY,Operational,1210,3459,90.3,101.3,35.60278,-84.78944,194.7,PRIS,Map
US,UNITED STATES,WATTS BAR-2,SPRING CITY,Under Construction,1218,3425,0,0,35.60278,-84.78944,194.7,PRIS,Map
US,UNITED STATES,SUMMER-1,JENKINSVILLE,Operational,1006,2900,83.5,98.4,34.29861,-81.31472,96.3,PRIS,Map
US,UNITED STATES,COLUMBIA,BENTON,Operational,1173,3486,72.9,87.2,46.47111,-119.33389,115.4,PRIS,Map
US,UNITED STATES,BONUS,Rincon,Permanent Shutdown,18,50,0,0,18.36639,-67.26861,-66.7,PRIS,Map
US,UNITED STATES,HARRIS-1,NEW HILL,Operational,960,2900,87.9,84.7,35.6333,-78.955,39.2,PRIS,Map
US,UNITED STATES,LACROSSE,GENOA,Permanent Shutdown,55,165,51,0,43.560062,-91.231485,159.3,PRIS,Map
US,UNITED STATES,NINE MILE POINT-2,SCRIBA,Operational,1320,3988,82.4,97.8,43.52083,-76.40694,35.9,PRIS,Map
US,UNITED STATES,BEAVER VALLEY-2,SHIPPINGPORT,Operational,958,2900,84.7,100.8,40.62333,-80.43056,211.2,PRIS,Map
US,UNITED STATES,CATAWBA-1,YORK COUNTY,Operational,1188,3411,84.7,100.6,35.0517,-81.07,148.7,PRIS,Map
US,UNITED STATES,CATAWBA-2,YORK COUNTY,Operational,1188,3411,85.5,90.3,35.0517,-81.07,148.7,PRIS,Map
US,UNITED STATES,GRAND GULF-1,PORT GIBSON,Operational,1500,4408,86.4,86.8,32.0067,-91.0483,8.1,PRIS,Map
US,UNITED STATES,MILLSTONE-3,WATERFORD,Operational,1280,3650,76.7,89.9,41.31194,-72.16861,-33.1,PRIS,Map
US,UNITED STATES,VOGTLE-1,WAYNESBORO,Operational,1229,3626,90.9,101.5,33.14333,-81.76056,5.9,PRIS,Map
US,UNITED STATES,VOGTLE-2,WAYNESBORO,Operational,1229,3626,90.5,87.8,33.14333,-81.76056,5.9,PRIS,Map
US,UNITED STATES,PERRY-1,PERRY,Operational,1303,3758,79.2,77.1,41.80083,-81.14333,147.7,PRIS,Map
US,UNITED STATES,SEABROOK-1,SEABROOK,Operational,1296,3648,85.6,100.1,42.89889,-70.85083,-22.7,PRIS,Map
US,UNITED STATES,COMANCHE PEAK-1,GLEN ROSE,Operational,1259,3612,86.6,95,32.2983,-97.785,216.5,PRIS,Map
US,UNITED STATES,COMANCHE PEAK-2,GLEN ROSE,Operational,1250,3612,89.8,101.1,32.2983,-97.785,216.5,PRIS,Map
US,UNITED STATES,BYRON-1,BYRON,Operational,1242,3587,85.5,100.8,42.07417,-89.28194,226.2,PRIS,Map
US,UNITED STATES,BYRON-2,BYRON,Operational,1210,3587,89.1,93.1,42.07417,-89.28194,226.2,PRIS,Map
US,UNITED STATES,BRAIDWOOD-1,BRAIDWOOD,Operational,1242,3587,87.2,94.5,41.24361,-88.22917,146.9,PRIS,Map
US,UNITED STATES,BRAIDWOOD-2,BRAIDWOOD,Operational,1210,3587,89.5,98.1,41.24361,-88.22917,146.9,PRIS,Map
US,UNITED STATES,RIVER BEND-1,ST.FRANCISVILLE,Operational,1016,3091,81.2,89.7,30.7567,-91.333,7.3,PRIS,Map
US,UNITED STATES,CLINTON-1,HART TOWNSHIP,Operational,1098,3473,76.2,89.2,40.17222,-88.835,191.2,PRIS,Map
US,UNITED STATES,WOLF CREEK,BURLINGTON,Operational,1280,3565,84.7,68.5,38.23889,-95.68889,301.4,PRIS,Map
US,UNITED STATES,CALLAWAY-1,FULTON,Operational,1275,3565,87.6,79,38.7617,-91.78,220.4,PRIS,Map
US,UNITED STATES,SOUTH TEXAS-1,BAY CITY,Operational,1354,3853,83,98.3,28.79556,-96.04889,-17.6,PRIS,Map
US,UNITED STATES,SOUTH TEXAS-2,BAY CITY,Operational,1354,3853,81,62.8,28.79556,-96.04889,-17.6,PRIS,Map
US,UNITED STATES,PALO VERDE-1,WINTERSBURG,Operational,1414,3990,77.8,91.3,33.38917,-112.865,258.2,PRIS,Map
US,UNITED STATES,PALO VERDE-2,WINTERSBURG,Operational,1414,3990,82.1,97.6,33.38917,-112.865,258.2,PRIS,Map
US,UNITED STATES,PALO VERDE-3,WINTERSBURG,Operational,1414,3990,83.5,84.5,33.38917,-112.865,258.2,PRIS,Map
ZA,SOUTH AFRICA,KOEBERG-1,DUYNEFONTEIN,Operational,970,2775,69.8,67.8,-33.676444,18.4320472,41.9,PRIS,Map
ZA,SOUTH AFRICA,KOEBERG-2,DUYNEFONTEIN,Operational,970,2775,70.9,99.6,-33.676444,18.4320472,41.9,PRIS,Map
CN,CHINA,TIANWAN-1,Lianyungang,Operational,1060,3000,84.8,90.7,34.68694,119.45972,238.4,PRIS,Map
CN,CHINA,TIANWAN-2,Lianyungang,Operational,1060,3000,87.9,89.3,34.68694,119.45972,238.4,PRIS,Map
CN,CHINA,QINSHAN 3-2,Jiaxing,Operational,728,2064,92.4,101.8,30.43306,120.95,10.7,PRIS,Map
JP,JAPAN,HIGASHI DORI-1 (TOHOKU),Higashidori-mura,Operational,1100,3293,52.3,0,41.18806,141.39028,102.8,PRIS,Map
JP,JAPAN,SHIKA-2,SHIKA-MACHI,Operational,1150,3926,33.3,0,37.06111,136.72639,56.3,PRIS,Map
JP,JAPAN,HAMAOKA-5,OMAEZAKI-SHI,Operational,1380,3926,34.2,0,34.62361,138.1425,41.8,PRIS,Map
IN,INDIA,KUDANKULAM-1,Tirunellveli-Kattabomman,Operational,1000,3000,0,0,8.16889,77.7125,-63.3,PRIS,Map
IN,INDIA,KUDANKULAM-2,Tirunellveli-Kattabomman,Under Construction,1000,3000,0,0,8.16889,77.7125,-63.3,PRIS,Map
JP,JAPAN,TOMARI-3,TOMARI VILLAGE,Operational,912,2660,56.6,0,43.03611,140.5125,128.2,PRIS,Map
IN,INDIA,PFBR,MADRAS,Under Construction,500,1253,0,0,12.55306,80.17333,-91.7,PRIS,Map
FI,FINLAND,OLKILUOTO-3,OLKILUOTO,Under Construction,1720,4300,0,0,61.23694,21.44083,18.9,PRIS,Map
JP,JAPAN,SHIMANE-3,MATSUE,Under Construction,1373,3926,0,0,35.53833,132.99917,140.5,PRIS,Map
KR,SOUTH KOREA,SHIN-KORI-1,Busan & Ulsan,Operational,1048,2825,67.3,26.6,35.319904,129.290053,34.7,PRIS,Map
KR,SOUTH KOREA,SHIN-KORI-2,Busan & Ulsan,Operational,1045,2825,57.6,40.6,35.319904,129.290053,34.7,PRIS,Map
JP,JAPAN,OHMA,OHMA,Under Construction,1383,3926,0,0,41.50972,140.91028,34.7,PRIS,Map
FR,FRANCE,FLAMANVILLE-3,FLAMANVILLE,Under Construction,1650,4300,0,0,49.53639,-1.88167,42.2,PRIS,Map
CN,CHINA,LING AO-4,SHENZEN,Operational,1080,2905,85.8,89.2,22.6047889,114.5514889,-2.6,PRIS,Map
CN,CHINA,QINSHAN 2-3,Jiaxing,Operational,660,1930,90,95,30.43306,120.95,10.7,PRIS,Map
CN,CHINA,QINSHAN 2-4,Jiaxing,Operational,660,1930,91.4,85.9,30.43306,120.95,10.7,PRIS,Map
CN,CHINA,LING AO-3,SHENZEN,Operational,1080,2905,80.8,90,22.6047889,114.5514889,-2.6,PRIS,Map
CN,CHINA,SANMEN-1,Taizhou,Under Construction,1250,3400,0,0,29.10111,121.64194,13.5,PRIS,Map
CN,CHINA,SANMEN-2,Taizhou,Under Construction,1250,3400,0,0,29.10111,121.64194,13.5,PRIS,Map
CN,CHINA,YANGJIANG-1,Yangjiang,Operational,1086,2905,0,0,21.70833,112.26111,-8.1,PRIS,Map
CN,CHINA,YANGJIANG-2,Yangjiang,Under Construction,1080,2905,0,0,21.70833,112.26111,-8.1,PRIS,Map
KR,SOUTH KOREA,SHIN-WOLSONG-1,Gyeongju-si,Operational,1043,2825,54.8,38,35.71667,129.47778,106.1,PRIS,Map
KR,SOUTH KOREA,SHIN-WOLSONG-2,Gyeongju-si,Under Construction,1000,2825,0,0,35.71667,129.47778,106.1,PRIS,Map
KR,SOUTH KOREA,SHIN-KORI-3,Ulsan,Under Construction,1400,3983,0,0,35.319904,129.290053,34.7,PRIS,Map
KR,SOUTH KOREA,SHIN-KORI-4,Ulsan,Under Construction,1400,3938,0,0,35.319904,129.290053,34.7,PRIS,Map
KR,SOUTH KOREA,SHIN-HANUL-1,Ulchin-gun,Under Construction,1400,3938,0,0,37.09278,129.38361,84.9,PRIS,Map
KR,SOUTH KOREA,SHIN-HANUL-2,Ulchin-gun,Under Construction,1400,3983,0,0,37.09278,129.38361,84.9,PRIS,Map
US,UNITED STATES,SHIPPINGPORT,[],Permanent Shutdown,68,236,0,0,40.62111,-80.43528,252.6,PRIS,Map
US,UNITED STATES,HALLAM,Lincoln,Permanent Shutdown,84,256,0,0,40.55925,-96.7847111,398.4,PRIS,Map
US,UNITED STATES,SAXTON,[],Permanent Shutdown,3,24,0,0,40.22694,-78.24194,316.4,PRIS,Map
US,UNITED STATES,GE VALLECITOS,"Pleasanton, Sunol",Permanent Shutdown,24,50,0,0,37.6132667,-121.8401639,206.5,PRIS,Map
US,UNITED STATES,PIQUA,Piqua,Permanent Shutdown,12,46,0,0,40.1323167,-84.2347667,239.8,PRIS,Map
RU,RUSSIA,AKADEMIK LOMONOSOV-1,PEVEK,Under Construction,35,150,0,0,52.92028,158.42472,190.2,PRIS,Map
RU,RUSSIA,AKADEMIK LOMONOSOV-2,PEVEK,Under Construction,35,150,0,0,52.92028,158.42472,190.2,PRIS,Map
RU,RUSSIA,NOVOVORONEZH 2-1,NOVOVORONEZHSKIY,Under Construction,1199,3200,0,0,51.275,39.2,122.6,PRIS,Map
RU,RUSSIA,NOVOVORONEZH 2-2,NOVOVORONEZHSKIY,Under Construction,1199,3200,0,0,51.275,39.2,122.6,PRIS,Map
RU,RUSSIA,LENINGRAD 2-1,SOSNOVYY BOR,Under Construction,1170,3200,0,0,59.84722,29.04361,32.9,PRIS,Map
RU,RUSSIA,LENINGRAD 2-2,SOSNOVYY BOR,Under Construction,1170,3200,0,0,59.84722,29.04361,32.9,PRIS,Map
CN,CHINA,HONGYANHE-1,DALIAN,Operational,1119,2905,104.7,104.7,39.79583,121.48056,20.9,PRIS,Map
CN,CHINA,HONGYANHE-2,DALIAN,Operational,1119,2905,0,0,39.79583,121.48056,20.9,PRIS,Map
CN,CHINA,HONGYANHE-3,DALIAN,Under Construction,1080,2905,0,0,39.79583,121.48056,20.9,PRIS,Map
CN,CHINA,HONGYANHE-4,DALIAN,Under Construction,1080,2905,0,0,39.79583,121.48056,20.9,PRIS,Map
CN,CHINA,HAIYANG-1,Haiyang,Under Construction,1250,3451,0,0,36.7083,121.383,4.8,PRIS,Map
CN,CHINA,HAIYANG-2,Haiyang,Under Construction,1250,3415,0,0,36.7083,121.383,4.8,PRIS,Map
CN,CHINA,FANGJIASHAN-1,Jiaxing,Operational,1080,2905,0,0,30.441342,120.941758,11.8,PRIS,Map
CN,CHINA,FANGJIASHAN-2,Jiaxing,Under Construction,1080,2905,0,0,30.441342,120.941758,11.8,PRIS,Map
CN,CHINA,FUQING-1,Fuqing,Operational,1080,2905,0,0,25.44583,119.44722,12.2,PRIS,Map
CN,CHINA,FUQING-2,Fuqing,Under Construction,1080,2905,0,0,25.44583,119.44722,12.2,PRIS,Map
CN,CHINA,TAISHAN-1,Taishan,Under Construction,1750,4590,0,0,21.91778,112.98194,82.5,PRIS,Map
CN,CHINA,TAISHAN-2,Taishan,Under Construction,1750,4590,0,0,21.91778,112.98194,82.5,PRIS,Map
CN,CHINA,NINGDE-1,Ningde,Operational,1080,2905,96.6,96.6,27.04444,120.28333,49.7,PRIS,Map
CN,CHINA,NINGDE-2,Ningde,Operational,1080,2905,0,0,27.04444,120.28333,49.7,PRIS,Map
CN,CHINA,NINGDE-3,Ningde,Under Construction,1080,2905,0,0,27.04444,120.28333,49.7,PRIS,Map
CN,CHINA,NINGDE-4,Ningde,Under Construction,1080,2905,0,0,27.04444,120.28333,49.7,PRIS,Map
CN,CHINA,YANGJIANG-3,Yangjiang,Under Construction,1080,2905,0,0,21.70833,112.26111,-8.1,PRIS,Map
CN,CHINA,YANGJIANG-4,Yangjiang,Under Construction,1080,2905,0,0,21.70833,112.26111,-8.1,PRIS,Map
CN,CHINA,YANGJIANG-5,Yangjiang,Under Construction,1087,2905,0,0,21.70833,112.26111,-8.1,PRIS,Map
CN,CHINA,YANGJIANG-6,Yangjiang,Under Construction,1087,2905,0,0,21.70833,112.26111,-8.1,PRIS,Map
CN,CHINA,FUQING-3,Fuqing,Under Construction,1080,2905,0,0,25.44583,119.44722,12.2,PRIS,Map
CN,CHINA,FUQING-4,Fuqing,Under Construction,1080,2905,0,0,25.44583,119.44722,12.2,PRIS,Map
CN,CHINA,CHANGJIANG-1,Changjiang,Under Construction,650,1930,0,0,19.46075,108.8999167,11.9,PRIS,Map
CN,CHINA,CHANGJIANG-2,Changjiang,Under Construction,650,1930,0,0,19.46075,108.8999167,11.9,PRIS,Map
CN,CHINA,FANGCHENGGANG-1,Fangchenggang,Under Construction,1080,2905,0,0,21.667,108.567,-21.2,PRIS,Map
CN,CHINA,FANGCHENGGANG-2,Fangchenggang,Under Construction,1080,2905,0,0,21.667,108.567,-21.2,PRIS,Map
CN,CHINA,SHIDAO BAY-1,Weihai,Under Construction,211,500,0,0,22.59722,114.54444,-2.4,PRIS,Map
CH,SWITZERLAND,LUCENS,1522 Lucens,Permanent Shutdown,7,28,0,0,46.69278,6.8275,772.2,PRIS,Map
RU,RUSSIA,BALTIC-1,Sovetsk,Under Construction,1194,3200,0,0,54.93889,22.16111,52.9,PRIS,Map
CN,CHINA,TIANWAN-3,Lianyungang,Under Construction,1060,3000,0,0,34.68694,119.45972,238.4,PRIS,Map
CN,CHINA,TIANWAN-4,Lianyungang,Under Construction,1060,3000,0,0,34.68694,119.45972,238.4,PRIS,Map
IN,INDIA,KAKRAPAR-3,SURAT,Under Construction,700,2166,0,0,21.23861,73.35,-5.9,PRIS,Map
IN,INDIA,KAKRAPAR-4,SURAT,Under Construction,700,2166,0,0,21.23861,73.35,-5.9,PRIS,Map
US,UNITED STATES,SUMMER-2,JENKINSVILLE,Under Construction,1250,3400,0,0,34.29861,-81.31472,77.3,PRIS,Map
US,UNITED STATES,SUMMER-3,JENKINSVILLE,Under Construction,1250,3400,0,0,34.29861,-81.31472,77.3,PRIS,Map
US,UNITED STATES,VOGTLE-3,WAYNESBORO,Under Construction,1250,3400,0,0,33.14333,-81.76056,23.0,PRIS,Map
US,UNITED STATES,VOGTLE-4,WAYNESBORO,Under Construction,1250,3400,0,0,33.14333,-81.76056,23.0,PRIS,Map
PK,PAKISTAN,CHASNUPP-3,KUNDIAN,Under Construction,340,999,0,0,32.39028,71.4625,152.6,PRIS,Map
PK,PAKISTAN,CHASNUPP-4,KUNDIAN,Under Construction,340,999,0,0,32.39028,71.4625,152.6,PRIS,Map
CN,CHINA,CEFR,Tuoli,Operational,25,65,0,0,39.740929,116.030139,52.1,PRIS,Map
AE,UNITED ARAB EMIRATES,BARAKAH-1,Ruwais,Under Construction,1400,3983,0,0,23.9849361,52.2837194,-32.2,PRIS,Map
AE,UNITED ARAB EMIRATES,BARAKAH-2,Ruwais,Under Construction,1400,3983,0,0,23.9849361,52.2837194,-32.2,PRIS,Map
AE,UNITED ARAB EMIRATES,BARAKAH-3,Ruwais,Under Construction,1400,3983,0,0,23.9849361,52.2837194,-32.2,PRIS,Map
AR,ARGENTINA,CAREM25,LIMA,Under Construction,29,100,0,0,0,0,-4924.6,PRIS,Map
BY,BELARUS,BELARUSIAN-1,Ostrovets,Under Construction,1194,3200,0,0,54.75833,26.09167,203.1,PRIS,Map
BY,BELARUS,BELARUSIAN-2,Ostrovets,Under Construction,1194,3200,0,0,54.75833,26.09167,203.1,PRIS,Map
